id,name,domains,meeting_archives,seeds
0114,Upplands Väsby,upplandsvasby.se,https://www.upplandsvasby.se/kommun-och-politik/politik-och-demokrati/moten-och-protokoll,https://www.upplandsvasby.se/
0115,Vallentuna,vallentuna.se,https://www.vallentuna.se/kommun-och-politik/politik-och-demokrati/moten-och-protokoll/sammantradeshandlingar-2024/,https://www.vallentuna.se/
0117,Österåker,osteraker.se,,https://www.osteraker.se/
0120,Värmdö,varmdo.se,https://opengov.360online.com/Meetings/varmdo/Boards/Details/206531,https://www.varmdo.se/
0123,Järfälla,jarfalla.se,https://www.jarfalla.se/kommunochpolitik/politikochnamnder/kommunfullmaktige/kallelserochprotokollforkommunfullmaktige.4.50d4092415a02a2706dd937.html,https://www.jarfalla.se/
0125,Ekerö,ekero.se,https://www.ekero.se/kommun-politik/moten-handlingar--protokoll/anslagstavla/anslagstavla---handelser/anslagstavla/2026-08-26-kommunfullmaktige,https://www.ekero.se/
0126,Huddinge,huddinge.se,https://www.huddinge.se/organisation-och-styrning/huddinge-kommuns-anslagstavla/anslag,https://www.huddinge.se/
0127,Botkyrka,botkyrka.se,https://www.botkyrka.se/kommun-och-politik/politik-och-organisation/moten-handlingar-och-protokoll,https://www.botkyrka.se/
0128,Salem,salem.se,https://www.salem.se/kommunochpolitik/styrdokumentochekonomi/motenhandlingarochprotokoll.4.566cf51e192955939b2e116.html,https://www.salem.se/
0136,Haninge,haninge.se,https://www.haninge.se/kommun-och-politik/politik-och-organisation/moten-och-handlingar/kallelser-handlingar-arenden/,https://www.haninge.se/
0138,Tyresö,tyreso.se,https://www.tyreso.se/organisation--styrning/insyn-och-paverkan/sammantradeshandlingar-och-protokoll/sammanfattningar-ks-och-kf-2026.html,https://www.tyreso.se/
0139,Upplands-Bro,upplands-bro.se,https://www.upplands-bro.se/kommun-och-politik/handlingar-och-protokoll/moten-och-protokoll/moten-och-protokoll-for-kommunfullmaktige.html,https://www.upplands-bro.se/
0140,Nykvarn,nykvarn.se,https://nykvarn.se/kommun-och-politik/sammantraden-och-protokoll,https://nykvarn.se/
0160,Täby,taby.se,https://www.taby.se/kommun-och-politik/politik-och-beslut/sammantraden,https://www.taby.se/
0162,Danderyd,danderyd.se,https://www.danderyd.se/kommun-och-politik/politik-och-demokrati/beslut-och-protokoll/aktuella-sammantraden/,https://www.danderyd.se/
0163,Sollentuna,sollentuna.se,https://www.sollentuna.se/kommun--politik/politik-och-demokrati/dagordningar-och-handlingar/sammantraden-i-sollentuna-kommun/,https://www.sollentuna.se/
0180,Stockholm,stockholm.se,https://meetingspublic.stockholm.se/digital-bulletin-board,https://start.stockholm
0181,Södertälje,sodertalje.se,https://www.sodertalje.se/kommun-och-politik/politisk-organisation/kommunfullmaktige/kallelser-och-protokoll/,https://www.sodertalje.se/
0182,Nacka,nacka.se,https://www.nacka.se/kommun--politik/politik-handlingar-och-protokoll/kommunfullmaktige/nyheter-kommunfullmaktige/2026/09/kommunfullmaktige-sammantrader-den-21-september-2026/,https://www.nacka.se/
0183,Sundbyberg,sundbyberg.se,https://www.sundbyberg.se/kommun-och-politik/sammantraden-och-handlingar,https://www.sundbyberg.se/
0184,Solna,solna.se,https://www.solna.se/om-solna-stad/politik-och-namnder/sammantraden-och-handlingar/handlingar-2024/kommunfullmaktige/november,https://www.solna.se/
0186,Lidingö,lidingo.se,https://lidingo.se/stad-politik/sa-styrs-lidingo/sammantraden-och-handlingar/,https://lidingo.se/
0187,Vaxholm,vaxholm.se,https://www.vaxholm.se/kommun--politik/kallelser-och-protokoll/kommunfullmaktige,https://www.vaxholm.se/
0188,Norrtälje,norrtalje.se,https://www.norrtalje.se/info/kommun-och-politik/handlingar-och-protokoll/allmanhandling/,https://www.norrtalje.se/
0191,Sigtuna,sigtuna.se,https://www.sigtuna.se/kommun-och-politik/sa-styrs-vi/kommunfullmaktige.html,https://www.sigtuna.se/
0192,Nynäshamn,nynashamn.se,https://nynashamn.se/service/organisation--styrning/politik-och-organisation/sammantraden-och-protokoll,https://nynashamn.se/
0305,Håbo,habo.se,https://www.habo.se/kommun-och-politik/moten-kallelser-och-protokoll/kommunfullmaktige.html,https://www.habo.se/
0319,Älvkarleby,alvkarleby.se,https://www.alvkarleby.se/kommun-och-politik/moten-handlingar-och-protokoll.html,https://www.alvkarleby.se/
0330,Knivsta,knivsta.se,https://knivsta.se/politik-och-organisation/politik-och-namnder/sammantraden-handlingar-och-protokoll,https://knivsta.se/
0331,Heby,heby.se,https://www.heby.se/organisation-plats-och-politik/sammantraden-handlingar-och-styrande-dokument/politiska-sammantraden-och-protokoll,https://www.heby.se/
0360,Tierp,tierp.se,https://www.tierp.se/tierp.se/kommun-och-politik/politik-och-beslut/moten-handlingar-och-protokoll/sammantradesdagar.html,https://www.tierp.se/
0380,Uppsala,uppsala.se,https://www.uppsala.se/kommun-och-politik/organisation/ledning/kommunfullmaktige/moten/2016/12-december-2016/191.-motion-av-mohamad-hassan-l-om-oppna-namndsammantraden/,https://www.uppsala.se/
0381,Enköping,enkoping.se,https://politik.enkoping.se/committees/kommunfullmaktige,https://enkoping.se/
0382,Östhammar,osthammar.se,http://www.osthammar.se/organisation/namnd/kommunfullmaktige/,http://www.osthammar.se/
0428,Vingåker,vingaker.se,https://vingaker.se/kommun--politik/politik-och-demokrati/kallelser,https://vingaker.se/
0461,Gnesta,gnesta.se,,https://www.gnesta.se/
0480,Nyköping,nykoping.se,https://www.nykoping.se/kommun--politik/politik-och-demokrati/kommunfullmaktige/kommunfullmaktige---tidigare-protokoll-och-kallelser/,https://www.nykoping.se/
0481,Oxelösund,oxelosund.se,https://www.oxelosund.se/kommun-och-politik/moten-kallelser-och-protokoll,https://www.oxelosund.se/
0482,Flen,flen.se,https://flen.se/driftstorningar/driftstorningar/2026-09-08-dokument-pa-sidan-kallelser--protokoll-tillfalligt-otillgangliga.printable,https://flen.se/
0483,Katrineholm,katrineholm.se,https://www.katrineholm.se/kommun-och-politik/moten-kallelser-och-protokoll.html,https://www.katrineholm.se/
0484,Eskilstuna,eskilstuna.se,https://www.eskilstuna.se/kommun-och-politik/ta-del-av-beslut/anslagstavla/justerade-protokoll/2026-08-21-sammantradesprotokoll-fran-valnamnden,https://www.eskilstuna.se/
0486,Strängnäs,strangnas.se,https://www.strangnas.se/kommun-och-politik/kallelser-och-protokoll,https://www.strangnas.se/
0488,Trosa,trosa.se,https://www.trosa.se/kommun-och-politik/politik-och-demokrati/oppna-sammantraden/,https://www.trosa.se/
0509,Ödeshög,odeshog.se,https://www.odeshog.se/kommunochpolitik/politikochdemokrati/motenhandlingarochprotokoll/kommunfullmaktigehandlingar.4.1db648081677d277bea28d9.html,https://www.odeshog.se/
0512,Ydre,ydre.se,https://www.ydre.se/ydre-kommun/kommun-och-politik/kommunens-organisation/politisk-organisation/kommunfullmaktiges-valberedning/kallelser-och-protokoll,https://www.ydre.se/
0513,Kinda,kinda.se,https://www.kinda.se/kommunochpolitik/sammantraden/kallelserochprotokoll.4.15d59a7c151bb4254b799de5.html.printable,https://www.kinda.se/
0560,Boxholm,boxholm.se,https://www.boxholm.se/kommun-och-politik/namnder-utskott--kommunstyrelsen/sammantraden,https://www.boxholm.se/
0561,Åtvidaberg,atvidaberg.se,https://www.atvidaberg.se/kommun-och-politik/politik-och-demokrati/moten-handlingar-och-protokoll/sammantradestider,https://www.atvidaberg.se/
0562,Finspång,finspang.se,https://finspang.se/kommunochpolitik/politik-och-paverkan/kallelser-protokoll-och-motesanteckningar?folder=19.3faf8a60191975c72293132a&sv.url=12.312567aa167c666b424379bd,https://finspang.se/
0563,Valdemarsvik,valdemarsvik.se,https://www.valdemarsvik.se/kommun/kommun-politik/politik/webb-tv-fran-kommunfullmaktige/,https://www.valdemarsvik.se/
0580,Linköping,linkoping.se,,https://www.linkoping.se/
0581,Norrköping,norrkoping.se,,https://norrkoping.se/
0582,Söderköping,soderkoping.se,https://www.soderkoping.se/kommun-politik/politik-beslut/protokoll-kallelser2/protokoll-kommunfullmaktige/,https://www.soderkoping.se//
0583,Motala,motala.se,https://www.motala.se/kommun-och-politik/sammantraden-handlingar-och-protokoll/,https://www.motala.se/
0584,Vadstena,vadstena.se,https://www.vadstena.se/kommun-demokrati/politik-och-beslut/sammantraden-och-protokoll-2026/sammantraden-och-protokoll-2025/sammantraden-och-protokoll-2022/,https://www.vadstena.se/
0586,Mjölby,mjolby.se,,https://www.mjolby.se/
0604,Aneby,aneby.se,,https://www.aneby.se/
0617,Gnosjö,gnosjo.se,https://www.gnosjo.se/nyhetsarkiv/nyhetsarkiv/2026-09-16-kommunfullmaktige-24-september,https://www.gnosjo.se/
0642,Mullsjö,mullsjo.se,https://www.mullsjo.se/kommun-och-politik/politik-och-demokrati/moten-kallelser-och-protokoll/webbsandning-fran-kommunfullmaktige,https://www.mullsjo.se/
0643,Habo,habokommun.se,https://habokommun.se/kommun-och-politik/inflytande-och-insyn/kallelser-och-protokoll,https://habokommun.se/
0662,Gislaved,gislaved.se,https://www.gislaved.se/kommun-och-politik/anslagstavla-overklaga-beslut-insyn/kommunens-officiella-anslagstavla/anslagsarkiv/2026-09-02-kommunfullmaktiges-sammantrade-den-31-augusti,https://www.gislaved.se/
0665,Vaggeryd,vaggeryd.se,https://www.vaggeryd.se/kommun-och-politik/moten-kallelser-och-protokoll/kommunfullmaktige.html,https://www.vaggeryd.se/
0680,Jönköping,jonkoping.se,https://www.jonkoping.se/kommun--politik/anslagstavla-for-jonkopings-kommun/anslagtavla/2024-02-02-protokoll-fran-kommunfullmaktiges-sammantrade-25-januari-2024,https://www.jonkoping.se/
0682,Nässjö,nassjo.se,https://nassjo.se/kommun-och-politik/politiska-sammantraden/kommunfullmaktiges-sammantraden.html,https://nassjo.se/
0683,Värnamo,varnamo.se,,https://www.varnamo.se/
0684,Sävsjö,savsjo.se,https://www.savsjo.se/kommun-och-politik/politik-och-beslut/se-kommunfullmaktiges-sammantrade.html,https://www.savsjo.se/
0685,Vetlanda,vetlanda.se,https://www.vetlanda.se/kommun-och-politik/beslut-och-styrning/anslagstavla/anslagstavla/2026-09-16-kommunfullmaktige-16-september-2026,https://www.vetlanda.se/
0686,Eksjö,eksjo.se,https://eksjo.se/kommun-och-politik/politik-och-paverkan/kommunfullmaktige-namnder-utskott-styrelser-och-revision/kommunfullmaktige,https://eksjo.se/
0687,Tranås,tranas.se,https://tranaskommun.ondemand.formpipe.com/committees/kommunfullmaktige,https://tranas.se/
0760,Uppvidinge,uppvidinge.se,https://www.uppvidinge.se/kommun-och-politik/politik-och-demokrati/moten-kallelser-och-protokoll.html,https://www.uppvidinge.se/
0761,Lessebo,lessebo.se,https://www.lessebo.se/kommun-och-politik/politik-och-demokrati/moten-med-namnder-och-styrelser.html,https://www.lessebo.se/
0763,Tingsryd,tingsryd.se,https://tingsryd.se/kallelser/2026-05-11-kommunfullmaktige/,https://tingsryd.se/
0764,Alvesta,alvesta.se,https://www.alvesta.se/kommun-och-politik/politik-och-demokrati/moten-kallelser-och-protokoll/,https://www.alvesta.se/
0765,Älmhult,almhult.se,https://www.almhult.se/kommunpolitik/motenhandlingarprotokoll/sammantradesplan.982.html,https://www.almhult.se/
0767,Markaryd,markaryd.se,https://www.markaryd.se/sidor/kommun-och-politik/moten-kallelser-och-protokoll/sammantraden.html,https://www.markaryd.se/
0780,Växjö,vaxjo.se,https://www.vaxjo.se/sidor/politik-och-demokrati/organisation-och-politik/kommunfullmaktige/protokoll-foredragningslista-och-kallelse.html,https://www.vaxjo.se/
0781,Ljungby,ljungby.se,,https://www.ljungby.se/
0834,Torsås,torsas.se,https://www.torsas.se/kommun-och-politik/moten-kungorelser-och-protokoll/sammantradesdagar/,https://www.torsas.se/
0840,Mörbylånga,morbylanga.se,https://www.morbylanga.se/kommun-och-politik/arkiv-och-allmanna-handlingar/moten-och-protokoll/,https://www.morbylanga.se/
0860,Hultsfred,hultsfred.se,https://www.hultsfred.se/kategori/invanare/kommun-politik/sammantraden-protokoll/,https://www.hultsfred.se/
0861,Mönsterås,monsteras.se,https://www.monsteras.se/kommun-och-politik/politik-och-demokrati/,https://www.monsteras.se/
0862,Emmaboda,emmaboda.se,https://kalmar.se/kommun-och-politik/moten-handlingar-och-protokoll/hjalpmedelsnamnden.html,https://www.emmaboda.se/
0880,Kalmar,kalmar.se,https://kalmar.se/kommun-och-politik/moten-handlingar-och-protokoll/kommunfullmaktige.html,https://kalmar.se/
0881,Nybro,nybro.se,https://nybro.se/kommun-politik/politik/protokoll-kallelser/sammantradesdagar/,https://nybro.se/
0882,Oskarshamn,oskarshamn.se,https://www.oskarshamn.se/mer-om-kommunen/politik-och-forvaltning/politik/kommunfullmaktige/kallelser-och-protokoll-fran-kommunfullmaktige/,https://www.oskarshamn.se/
0883,Västervik,vastervik.se,https://kalmar.se/kommun-och-politik/moten-handlingar-och-protokoll/hjalpmedelsnamnden.html,https://www.vastervik.se/
0884,Vimmerby,vimmerby.se,https://www.vimmerby.se/kommun-och-politik/politik-och-demokrati/moten-kallelser-och-protokoll/sammantradeskalender,https://www.vimmerby.se/
0885,Borgholm,borgholm.se,https://www.borgholm.se/kommunfullmaktige/protokoll/,https://www.borgholm.se/
0980,Gotland,gotland.se,https://gotland.se/region-och-politik/sa-styrs-region-gotland/moten-kallelser-och-protokoll,https://gotland.se/
1060,Olofström,olofstrom.se,https://olofstrom.se/kommun-och-politik/politik-och-demokrati/moten-och-protokoll/sammantraden,https://olofstrom.se/
1080,Karlskrona,karlskrona.se,https://www.karlskrona.se/kommun-och-politik/sa-fungerar-kommunen/motestider/,https://www.karlskrona.se/
1081,Ronneby,ronneby.se,https://www.ronneby.se/kommun--politik/folj-politiken/arenden-handlingar-och-fortroendevalda.html,https://www.ronneby.se/
1082,Karlshamn,karlshamn.se,https://www.karlshamn.se/kommun-och-politik/politik-och-demokrati/moten-kallelser-och-protokoll/,https://www.karlshamn.se/
1083,Sölvesborg,solvesborg.se,https://solvesborg.se/kommun-och-politik-/politik-och-demokrati/moten-kallelser-och-protokoll.html,https://solvesborg.se/
1214,Svalöv,svalov.se,,https://www.svalov.se/
1230,Staffanstorp,staffanstorp.se,https://staffanstorp.se/kommun-och-politik/demokrati-och-paverkan/kallelser-handlingar-och-protokoll/,https://www.staffanstorp.se/
1231,Burlöv,burlov.se,https://burlov.se/kommunpolitik/motenhandlingarochprotokoll/ordlistaforsammantraden.4.4c64ddf815a141b0e4e42918.html,https://burlov.se/
1233,Vellinge,vellinge.se,https://vellinge.se/kommun-och-politik/demokrati-och-insyn/kallelser-och-protokoll,https://vellinge.se/
1256,Östra Göinge,ostragoinge.se,,https://www.ostragoinge.se/
1257,Örkelljunga,orkelljunga.se,https://www.orkelljunga.se/16/kommun-och-politik/demokrati-och-medborgardialog/protokoll.html,https://www.orkelljunga.se/
1260,Bjuv,bjuv.se,https://www.bjuv.se/kommun-och-politik/kallelser-och-protokoll/kommunfullmaktige.html,https://www.bjuv.se/
1261,Kävlinge,kavlinge.se,https://www.kavlinge.se/kommun-och-politik/moten-handlingar-och-protokoll,https://www.kavlinge.se/
1262,Lomma,lomma.se,https://lomma.se/kommunochpolitik/politikochdemokrati/kallelserhandlingarochprotokoll.1338.html,https://lomma.se/
1263,Svedala,svedala.se,https://www.svedala.se/paverka/politik-och-demokrati/moten-och-protokoll/moten-i-kommunfullmaktige/kallelser-kommunfullmaktige/arendelistor-2020/,https://www.svedala.se/
1264,Skurup,skurup.se,https://www.skurup.se/kommun-och-politik/politik-och-demokrati/moten-och-protokoll,https://www.skurup.se/
1265,Sjöbo,sjobo.se,https://www.sjobo.se/kommun-och-politik/moten-handlingar-och-protokoll.html,https://www.sjobo.se/
1266,Hörby,horby.se,https://www.horby.se/kommun-och-politik/politik-och-demokrati/moten-kallelser-och-protokoll/,https://www.horby.se/
1267,Höör,hoor.se,https://www.hoor.se/kommun-politik/politik-och-demokrati/moten-kallelser-och-protokoll/sammantradesportalen/,https://www.hoor.se/
1270,Tomelilla,tomelilla.se,https://tomelilla.se/kommunochpolitik/politikochbeslut/kommunfullmaktige.1015.html,https://tomelilla.se/
1272,Bromölla,bromolla.se,https://www.bromolla.se/uppleva-och-gora/motesplatser/moten-och-konferenser/,https://www.bromolla.se/
1273,Osby,osby.se,https://www.osby.se/demokrati--beslut/sammantraden-handlingar-och-protokoll.html,https://www.osby.se/
1275,Perstorp,perstorp.se,https://www.perstorp.se/kommundemokrati/diariumhandlingarmotenochprotokoll.4.42461a8c16dac7e783958ef.html,https://www.perstorp.se/
1276,Klippan,klippan.se,https://www.klippan.se/kommun--politik/moten-handlingar--protokoll/kallelser-och-protokoll,https://www.klippan.se/
1277,Åstorp,astorp.se,https://astorp.se/kommun-och-politik/moten-handlingar-och-protokoll/sammantradestider.html,https://astorp.se/
1278,Båstad,bastad.se,https://www.bastad.se/kommun-och-politik/politik-och-demokrati/moten-och-protokoll.html,https://www.bastad.se/
1280,Malmö,malmo.se,,https://malmo.se/
1281,Lund,lund.se,,https://lund.se/
1283,Helsingborg,helsingborg.se,https://helsingborg.se/kommun-och-politik/kontakt-och-paverkan/diarium-handlingar-och-protokoll/,https://helsingborg.se/
1284,Höganäs,hoganas.se,https://www.hoganas.se/kommun--ledning/arenden-och-handlingar/moten-kallelser-och-protokoll.html,https://www.hoganas.se/
1285,Eslöv,eslov.se,https://eslov.se/kommun-politik/kommunens-organisation/forvaltningar-och-namnder/overformyndarnamnden/overformyndarnamndens-kallelser-och-protokoll/,https://www.eslov.se/
1286,Ystad,ystad.se,https://ystad.se/kommun-och-politik/sa-styrs-ystads-kommun/den-politiska-styrningen/sammantraden-protokoll-och-moteshandlingar,https://ystad.se/
1287,Trelleborg,trelleborg.se,https://www.trelleborg.se/kommun-politik/politik-och-demokrati/sammantradestider-protokoll-och-kallelser/,https://www.trelleborg.se/
1290,Kristianstad,kristianstad.se,https://www.kristianstad.se/kommunochpolitik/politikochdemokrati/motenochprotokoll/kallelserochprotokoll.3884.html,https://www.kristianstad.se/
1291,Simrishamn,simrishamn.se,https://www.simrishamn.se/politik-och-paverkan/kallelser-och-protokoll,https://www.simrishamn.se/
1292,Ängelholm,engelholm.se,,https://www.engelholm.se/
1293,Hässleholm,hassleholm.se,https://www.hassleholm.se/kommun-och-politik/kommunens-organisation/kommunfullmaktige/motestider-kallelser-och-protokoll-for-kommunfullmaktige,https://www.hassleholm.se/
1315,Hylte,hylte.se,https://www.hylte.se/nyheter/nyhetsarkiv/2026-09-10-sammanfattning-av-kommunfullmaktige-8-september,https://www.hylte.se/
1380,Halmstad,halmstad.se,https://www.halmstad.se/kommunochpolitik/overklagabeslutrattssakerhet/protokollochsammantraden.n3492.html,https://www.halmstad.se/
1381,Laholm,laholm.se,https://laholm.se/kommun-och-politik/politik-och-demokrati/namnder/kultur--och-folkhalsonamnden,https://laholm.se/
1382,Falkenberg,kommun.falkenberg.se,https://kommun.falkenberg.se/politik-och-demokrati/arets-sammantrades-dagar,https://kommun.falkenberg.se/
1383,Varberg,varberg.se,https://varberg.se/kommun-och-politik/politik-och-demokrati/moten-och-protokoll/kommunfullmaktiges-protokoll-och-kallelser,https://varberg.se/
1384,Kungsbacka,kungsbacka.se,,https://kungsbacka.se/
1401,Härryda,harryda.se,https://www.harryda.se/kommunochpolitik/politikochdemokrati/motenhandlingarochprotokoll.4.1439a0061817fd1d9405498.html,https://www.harryda.se/
1402,Partille,partille.se,https://www.partille.se/kommun--politik/protokoll/handlingar-fran-kommunfullmaktige/,https://www.partille.se/
1407,Öckerö,ockero.se,https://www.ockero.se/kommun-och-politik/anslagstavla/justerat-protokoll-fran-miljo--och-samhallsbyggnadsnamndens-sammantrade-2023-11-21,https://www.ockero.se/
1415,Stenungsund,stenungsund.se,https://www.stenungsund.se/kommun-och-politik/politik-och-demokrati/moten-och-protokoll/kommunfullmaktiges-protokoll-och-kallelser,https://www.stenungsund.se/
1419,Tjörn,tjorn.se,https://www.tjorn.se/kommun-och-politik,https://www.tjorn.se/
1421,Orust,orust.se,https://www.orust.se/kommun-och-politik/moten-handlingar-och-protokoll/kallelser-handlingar-och-protokoll,https://www.orust.se/
1427,Sotenäs,sotenas.se,https://www.sotenas.se/kommun--politik/politik-och-demokrati/kallelser-och-protokoll/kommunfullmaktige,https://www.sotenas.se/
1430,Munkedal,munkedal.se,https://www.munkedal.se/kommun-och-politik/politik-och-demokrati/moten-och-protokoll/kommunfullmaktige-kallelser-och-protokoll,https://www.munkedal.se/
1435,Tanum,tanum.se,https://www.tanum.se/kommunpolitik/motenkallelserochprotokoll/sammantradesdagar.4.58e914a013a0d49788a1e22.html,https://www.tanum.se/
1438,Dals-Ed,dalsed.se,https://www.dalsed.se/kommun-och-politik/kommunfullmaktige/sammantraden/,https://www.dalsed.se/
1439,Färgelanda,fargelanda.se,https://fargelanda.se/kommun-och-politik/politik-och-demokrati/kommunfullmaktige/kallelser/,https://fargelanda.se/
1440,Ale,ale.se,,https://ale.se/
1441,Lerum,lerum.se,https://lerum.se/kommun-och-politik/politik-och-demokrati/protokoll-och-kallelser,https://lerum.se/
1442,Vårgårda,vargarda.se,https://www.vargarda.se/kommun-och-demokrati/anslagstavla.html,https://www.vargarda.se/
1443,Bollebygd,bollebygd.se,https://www.bollebygd.se/kommunochpolitik/protokollochkallelser.4.4b88096f14fb4d9accd2b602.html,https://www.bollebygd.se/
1444,Grästorp,grastorp.se,https://www.grastorp.se/kommun-och-politik/politisk-organisation/kallelser-och-protokoll.html,https://www.grastorp.se/
1445,Essunga,essunga.se,https://www.essunga.se/kommun--politik/politik-och-demokrati/kallelser-och-protokoll.html,https://www.essunga.se/
1446,Karlsborg,karlsborg.se,https://www.karlsborg.se/kommun--politik/sa-styrs-karlsborgs-kommun/politik/sammantraden-arenden-handlingar-och-protokoll/,https://www.karlsborg.se/
1447,Gullspång,gullspang.se,https://mariestad.se/kommun-och-politik/politik-och-demokrati/sammantraden-och-protokoll/protokoll/miljo--och-byggnadsnamndens-protokoll,https://gullspang.se/
1452,Tranemo,tranemo.se,https://tranemo.se/kommun--politik/politik-och-demokrati/moten-och-protokoll/kommunfullmaktige,https://tranemo.se/
1460,Bengtsfors,bengtsfors.se,https://www.bengtsfors.se/kommun-och-politik/anslagstavla,https://www.bengtsfors.se/
1461,Mellerud,mellerud.se,,https://mellerud.se/
1462,Lilla Edet,lillaedet.se,https://lillaedet.se/kommun-och-politik/moten-handlingar-och-protokoll/kommunfullmaktige/kommunfullmaktiges-sammantraden/2026-09-14-kommunfullmaktige--onsdag-23-september-2026-kl.-18.00,https://lillaedet.se/
1463,Mark,mark.se,https://varberg.se/kommun-och-politik/politik-och-demokrati/moten-och-protokoll/overformyndarnamndens-protokoll-och-kallelser,https://www.mark.se/
1465,Svenljunga,svenljunga.se,https://www.svenljunga.se/kommun--politik/anslagstavlan/anslagstavla/2026-08-26-justerat-protokoll-soailanamndens-arbetsutskott-for-individarenden-26-augusti-2026,https://www.svenljunga.se/
1466,Herrljunga,herrljunga.se,https://www.herrljunga.se/kommun-och-politik/politisk-organisation/diarium-kallelser-och-protokoll,https://www.herrljunga.se/
1470,Vara,vara.se,,https://www.vara.se/
1471,Götene,gotene.se,,https://www.gotene.se/
1472,Tibro,tibro.se,https://tibro.se/kommun-och-politik/sa-styrs-tibro-kommun/Kommunfullmaktige/kommunfullmaktiges-kallelser-och-protokoll/,https://www.tibro.se/
1473,Töreboda,toreboda.se,https://toreboda.se/kommun-och-politik/politik-och-demokrati/sammantraden-och-protokoll/sammantradeshandlingar-for-kommunfullmaktige,https://toreboda.se/
1480,Göteborg,goteborg.se,https://goteborg.se/wps/portal/start/kommun-och-politik/handlingar-och-protokoll/namndhandlingar,https://goteborg.se/
1481,Mölndal,molndal.se,https://www.molndal.se/arkiv/nyheter/nyhetsarkiv/2026-09-17-ikvall-sammantrader-kommunfullmaktige,https://www.molndal.se/
1482,Kungälv,kungalv.se,https://www.kungalv.se/kommun--politik/organisation/kommunfullmaktige/webb-tv-kommunfullmaktiges-sammantraden/,https://www.kungalv.se/
1484,Lysekil,lysekil.se,https://www.lysekil.se/kommun-och-politik/politik-och-demokrati/moten-handlingar-och-protokoll/sammantradestider,https://www.lysekil.se/
1485,Uddevalla,uddevalla.se,https://www.uddevalla.se/kommun-och-politik/politik-och-demokrati/moten-och-protokoll.html,https://www.uddevalla.se/
1486,Strömstad,stromstad.se,https://www.stromstad.se/kommunochpolitik/motenhandlingarochprotokoll/webbsandningar.4.21512aa01468078d1316d844.html,https://www.stromstad.se/
1487,Vänersborg,vanersborg.se,https://radiotrollhattan.se/vanersborgs-kommun/,https://vanersborg.se/
1488,Trollhättan,trollhattan.se,https://www.trollhattan.se/startsida/kommun-och-politik/moten-handlingar-och-protokoll/anslagstavla/,https://www.trollhattan.se/startsida/
1489,Alingsås,alingsas.se,https://sammantradesportal.alingsas.se/committees,https://www.alingsas.se/
1490,Borås,boras.se,https://www.boras.se/kommunochpolitik/kommunensorganisation/namnder/kulturnamnden/kulturnamnden/kulturnamndensammantrade202609211700.5.5d466fae19a7180c0261e803.html,https://www.boras.se/
1491,Ulricehamn,ulricehamn.se,https://www.ulricehamn.se/kommun-och-politik/politik-och-demokrati/moten-och-protokoll/kommunfullmaktiges-moten-och-beslut,https://www.ulricehamn.se/
1492,Åmål,amal.se,https://amal.se/kommun-och-politik/politik/webb-tv,https://amal.se/
1493,Mariestad,mariestad.se,https://mariestad.se/kommun-och-politik/politik-och-demokrati/sammantraden-och-protokoll/sammantradeshandlingar-for-kommunfullmaktige,https://mariestad.se/
1494,Lidköping,lidkoping.se,,https://lidkoping.se/
1495,Skara,skara.se,,https://www.skara.se/
1496,Skövde,skovde.se,https://www.skovde.se/kommun-och-politik/for-dig-som-ar-fortroendevald/sammantraden-protokoll-och-handlingar,https://www.skovde.se/
1497,Hjo,hjo.se,https://hjo.se/kommun--politik/politik-och-organisation/sammantraden/?Length=12,https://www.hjo.se/
1498,Tidaholm,tidaholm.se,https://www.tidaholm.se/kommunochpolitik/overklagabeslut/anslagstavla/sammantradesprotokollfransocialochomvardnadsnamnden20260825.7786.html,https://www.tidaholm.se/
1499,Falköping,falkoping.se,https://www.falkoping.se/kommun--politik/kommunfullmaktige-kommunstyrelse-och-namnder/sammantradesdagar-for-politiska-moten,https://www.falkoping.se/
1715,Kil,kil.se,https://kil.se/kommun-och-politik/politik-och-demokrati/moten-och-protokoll,https://kil.se/
1730,Eda,eda.se,https://www.eda.se/m%C3%B6ten-handlingar-och-protokoll/sammantr%C3%A4deshandlingar__846,https://www.eda.se/
1737,Torsby,torsby.se,https://torsby.se/kommunpolitik/sammantradenarendenhandlingarprotokoll/oppnasammantraden.4.2580b03b15896994ae4c2db.html,https://torsby.se/
1760,Storfors,storfors.se,https://www.storfors.se/kommunochpolitik/motenkallelserochprotokoll/kallelserochprotokoll.4.e4d2db016037ff584e1032.html,https://www.storfors.se/
1761,Hammarö,hammaro.se,,https://hammaro.se/
1762,Munkfors,munkfors.se,https://www.munkfors.se/protokoll/kallelse-kommunfullmaktige-2017-06-27/,https://www.munkfors.se/
1763,Forshaga,forshaga.se,,https://www.forshaga.se/
1764,Grums,grums.se,https://www.grums.se/kommunpolitik/demokratiochpolitik/anslagstavla/sammantradesdatumochkallelser.4347.html,https://www.grums.se/
1765,Årjäng,arjang.se,,https://www.arjang.se/
1766,Sunne,sunne.se,https://www.sunne.se/kommun/kommun-och-politik/politik-och-demokrati/moten-och-protokoll/,https://www.sunne.se/
1780,Karlstad,karlstad.se,https://karlstad.se/kommun-och-politik/delta-och-paverka/moten-kallelser-och-protokoll,https://karlstad.se/
1781,Kristinehamn,kristinehamn.se,https://www.kristinehamn.se/kommun-och-politik/kommunens-organisation/kommunfullmaktige/kallelser-handlingar-och-protokoll/,http://www.kristinehamn.se/
1782,Filipstad,filipstad.se,https://www.filipstad.se/toppmeny/kommunochpolitik/politikochdemokrati/sammantradenochkallelser2026.4126.html,https://www.filipstad.se/
1783,Hagfors,hagfors.se,https://www.hagfors.se/kommun-och-politik/moten-handlingar-och-beslut/protokoll-och-beslut,https://www.hagfors.se/
1784,Arvika,arvika.se,https://www.arvika.se/kommunochpolitik/motenhandlingarochprotokoll/kallelserochhandlingar/kallelsekommunfullmaktige.2157.html,https://www.arvika.se/
1785,Säffle,saffle.se,https://saffle.se/kommun-och-politik/moten-handlingar-protokoll.html,https://saffle.se/
1814,Lekeberg,lekeberg.se,https://lekeberg.se/kommunochpolitik/politikochdemokrati/motenhandlingarochprotokoll.4.711bc06b14820d116bc19ed.html,https://lekeberg.se/
1860,Laxå,laxa.se,https://www.laxa.se/Kommun-och-politik/Demokrati-och-insyn/Moten-och-protokoll.html,https://www.laxa.se/
1861,Hallsberg,hallsberg.se,https://www.hallsberg.se/organisationochstyrning/nyheterochdriftinformation/nyhetsarkiv/kommunfullmaktigesammantraderden21september.5.12909c01a0863f23111af1.html,https://www.hallsberg.se/
1862,Degerfors,degerfors.se,https://degerfors.se/kommun-och-politik/protokoll-och-kallelser.html?contactUserId=247.de126b1381f42f4ca37837e907b22f4b&sv.url=12.19aeb83315f2f8905da251a&state=showSendMessage,https://degerfors.se/
1863,Hällefors,hellefors.se,,https://www.hellefors.se/
1864,Ljusnarsberg,ljusnarsberg.se,https://ljusnarsberg.se/kommun-och-politik/kommunens-organisation/moten-handlingar-och-protokoll/sammantradeshandlingar-och-protokoll,https://ljusnarsberg.se/
1880,Örebro,orebro.se,https://www.orebro.se/kommun--politik/politik--beslut/digital-anslagstavla/anslag-protokoll/2026-08-29-overformyndarnamnden-sekretessarenden-protokoll-2026-08-27-justerat.html,https://www.orebro.se/
1881,Kumla,kumla.se,,https://www.kumla.se/
1882,Askersund,askersund.se,https://www.askersund.se/kommun--politik/digital-anslagstavla/tillkannagivanden,https://www.askersund.se/
1883,Karlskoga,karlskoga.se,https://www.karlskoga.se/kommun--politik/anslagstavla/anslag/2026-09-16-administrativa-namnden.html,https://www.karlskoga.se/
1884,Nora,nora.se,https://www.nora.se/kommun-och-politik/protokoll/,https://www.nora.se/
1885,Lindesberg,lindesberg.se,https://www.lindesberg.se/kommun-och-politik/overklaga-beslut-rattssakerhet/anslagstavla-officiell/metadata-o-artiklar/anslag-protokoll-namnder/2024-02-06-bergslagens-overformyndarnamnd-protokoll-2023-12-13-sekretessarenden-justerat,https://www.lindesberg.se/
1904,Skinnskatteberg,skinnskatteberg.se,https://www.skinnskatteberg.se/kommun-och-demokrati/politisk-organisation/sammantraden/protokoll-arkiv/,https://www.skinnskatteberg.se/
1907,Surahammar,surahammar.se,https://surahammar.se/anslagstavla/anslagstavla/anslag/2025-03-28-kungorelse-kallelse-till-kommunfullmaktige-2025-04-07.html,https://surahammar.se/
1960,Kungsör,kungsor.se,https://kungsor.se/anslagstavla/justerade-protokoll/2026-09-15-protokoll-fran-kommunfullmaktiges-sammantrade-2026-09-10.html,https://kungsor.se/
1961,Hallstahammar,hallstahammar.se,https://www.hallstahammar.se/organisation-och-politik/politik-och-demokrati/protokoll-fran-kommunfullmaktige-kommunstyrelse-och-namnder,https://www.hallstahammar.se/
1962,Norberg,norberg.se,https://hedemora.se/kommun-och-demokrati/moten-handlingar-och-protokoll/kallelser-och-protokoll/kallelser-och-protokoll-for-overformyndarnamnden/,https://norberg.se/
1980,Västerås,vasteras.se,https://www.vasteras.se/kommun-och-politik/moten-handlingar-och-protokoll/namndhandlingssok.html,https://www.vasteras.se/
1981,Sala,sala.se,https://www.sala.se/billboard/43233/?ret=http%3a%2f%2fwww.sala.se%2finfo%2f14344,https://www.sala.se/
1982,Fagersta,fagersta.se,https://fagersta.se/organisation--styrning/moten-handlingar-och-protokoll/sammantradesplan,https://fagersta.se/
1983,Köping,koping.se,https://koping.se/anslagstavla/anslagstavla/anslagstavla/2026-08-28-sammantradesprotokoll-fran-social--och-arbetsmarknadsnamnden-2026-08-26.html,https://koping.se/
1984,Arboga,arboga.se,http://arboga.se/kommun-och-politik/politik-och-beslut.html,http://arboga.se/
2021,Vansbro,vansbro.se,https://www.vansbro.se/kommun-och-politik/arenden-protokoll-och-handlingar.html,https://www.vansbro.se/
2023,Malung-Sälen,malung-salen.se,,https://malung-salen.se/
2026,Gagnef,gagnef.se,https://www.gagnef.se/kommun-och-politik/politisk-organisation/kommunfullmaktige/kommunfullmaktige-aldre-protokoll/,https://www.gagnef.se/
2029,Leksand,leksand.se,https://leksand.se/kommun-och-politik/politik-och-demokrati/digital-anslagstavla/kommunfullmaktiges-sammantraden,https://leksand.se/
2031,Rättvik,rattvik.se,https://www.rattvik.se/kommun-och-politik/politik-och-demokrati/moten-och-protokoll/kallelser.html,https://www.rattvik.se/
2034,Orsa,orsa.se,https://www.orsa.se/kommun-och-politik/protokoll-kallelser-kungorelser-och-tillkannagivanden/protokoll-och-kallelser-kommunfullmaktige.html,https://www.orsa.se/
2039,Älvdalen,alvdalen.se,https://alvdalen.se/kommun-och-politik/politik-och-demokrati/protokoll-kallelser-kungorelser-och-tillkannagivanden/protokoll-och-kallelser-kommunfullmaktige.html,https://www.alvdalen.se/
2061,Smedjebacken,smedjebacken.se,https://www.smedjebacken.se/kommun-och-politik/politik-och-demokrati/moten-och-protokoll.html,https://www.smedjebacken.se/
2062,Mora,morakommun.se,https://morakommun.se/kommun-och-politik/politik-och-demokrati/protokoll.html,https://morakommun.se/
2080,Falun,falun.se,https://www.falun.se/kommun--demokrati/politik-och-demokrati/ta-del-av-handlingar-och-protokoll/ta-del-av-aldre-handlingar-och-protokoll.html,https://www.falun.se/
2081,Borlänge,borlange.se,,https://www.borlange.se/
2082,Säter,sater.se,https://sater.se/kommun-demokrati/politiska-moten/kallelser-och-protokoll/kommunfullmaktiges-kallelser-och-protokoll/handlingar-och-protokoll/,https://sater.se/
2083,Hedemora,hedemora.se,https://hedemora.se/kommun-och-demokrati/moten-handlingar-och-protokoll/kallelser-och-protokoll/kallelser-kommunfullmaktige/,https://hedemora.se/
2084,Avesta,avesta.se,https://avesta.se/kommun-demokrati/handlingar-protokoll/kommande-sammantraden/kallelser/,https://www.avesta.se/
2085,Ludvika,ludvika.se,https://www.ludvika.se/kommun-och-politik/politik-och-demokrati/moten-och-protokoll/kommunfullmaktige/kommunfullmaktige-kf?folder=19.1d3f9cef16a8d7cc597483cf&sv.url=12.1d3f9cef16a8d7cc597483fc,https://www.ludvika.se/
2101,Ockelbo,ockelbo.se,https://ockelbo.se/kommun--politik/beslut--handlingar/kallelser--protokoll/kommunfullmaktige,https://ockelbo.se/
2104,Hofors,hofors.se,https://www.hofors.se/kommun--politik/politik/kallelser/aldre-kallelser/kommunfullmaktige.html,https://www.hofors.se/
2121,Ovanåker,ovanaker.se,,https://www.ovanaker.se/
2132,Nordanstig,nordanstig.se,https://nordanstig.se/startsida/sidor/kommun-och-politik/organisation/moten-kallelser-och-protokoll.html,https://nordanstig.se/
2161,Ljusdal,ljusdal.se,https://www.ljusdal.se/kommunpolitik/motendagordningochprotokoll/sammantradeskalender.4.6bb44e7614c906281006a63c.html,https://www.ljusdal.se/
2180,Gävle,gavle.se,https://meetingsplus.gavle.se/committees/kommunfullmaktige,https://www.gavle.se/
2181,Sandviken,sandviken.se,https://sandviken.se/kommunochpolitik/demokratiochpaverkan/kommunfullmaktige/kallelsetillkommunfullmaktige.9614.html,https://sandviken.se/
2182,Söderhamn,soderhamn.se,https://www.soderhamn.se/sidor/kommun-och-politik/politik-och-demokrati/moten-och-protokoll.html,https://www.soderhamn.se/
2183,Bollnäs,bollnas.se,https://bollnas.se/kommun-och-politik/politik-och-demokrati/moten-och-protokoll/moteshandlingar-och-kallelser,https://bollnas.se/
2184,Hudiksvall,hudiksvall.se,https://hudiksvall.se/Sidor/Kommun-och-politik/Moten-handlingar-och-protokoll.html,https://hudiksvall.se/
2260,Ånge,ange.se,https://moten.ange.se/,https://www.ange.se/
2262,Timrå,timra.se,,https://www.timra.se/
2280,Härnösand,harnosand.se,https://harnosand.se/kommun--styrning/anslagstavla.html,https://harnosand.se/
2281,Sundsvall,sundsvall.se,https://sundsvall.se/kommun/kommun-och-politik/politik-och-demokrati/moten-och-protokoll,https://sundsvall.se/
2282,Kramfors,kramfors.se,https://www.kramfors.se/kommun--demokrati/moten-kallelser-och-protokoll/kommunfullmaktiges-kallelser--protokoll.html,https://www.kramfors.se/
2283,Sollefteå,solleftea.se,https://www.solleftea.se/Kommun--politik/kallelser-protokoll-och-sammantraden,https://www.solleftea.se/
2284,Örnsköldsvik,ornskoldsvik.se,https://www.ornskoldsvik.se/om-kommunen/organisation-och-styrning/kommunfullmaktige/sammantradesdagar-for-namnder-och-utskott-2026,https://www.ornskoldsvik.se/
2303,Ragunda,ragunda.se,https://www.ragunda.se/kommunochpolitik/politikochmoten/digitalanslagstavla/anslagstavla/tillkannagivandekommunfullmaktigesammantraderden24septemberklockan1700pastrandlidenhemvagen5ihammarstrand.5790.html,https://www.ragunda.se/
2305,Bräcke,bracke.se,https://brackekommun.ondemand.formpipe.com/,https://www.bracke.se/
2309,Krokom,krokom.se,https://www.krokom.se/kommun-och-demokrati/politik-och-beslut/kommunfullmaktige.html,https://www.krokom.se/
2313,Strömsund,stromsund.se,https://www.stromsund.se/512.html,https://www.stromsund.se/
2321,Åre,are.se,https://www.are.se/kommun-och-politik/politik-och-demokrati/politiska-sammantraden-och-protokoll/protokoll,https://www.are.se/
2326,Berg,berg.se,https://berg.se/kommun-och-politik/politisk-organisation-moten-och-protokoll,https://berg.se/
2361,Härjedalen,herjedalen.se,https://www.herjedalen.se/kommun-och-politik/politik-och-demokrati.html,https://www.herjedalen.se/
2380,Östersund,ostersund.se,https://www.ostersund.se/kommun-och-politik/moten-handlingar-och-protokoll/aktuella-kallelser-och-protokoll.html,https://www.ostersund.se/
2401,Nordmaling,nordmaling.se,https://www.nordmaling.se/kommun/politik/kallelser-och-protokoll/protokoll-kommunfullmaktige,https://www.nordmaling.se/
2403,Bjurholm,bjurholm.se,https://www.bjurholm.se/kommun-och-politik/politik/protokoll,https://www.bjurholm.se/
2404,Vindeln,vindeln.se,https://www.vindeln.se/kommun-och-politik/politisk-styrning/protokoll-och-kallelser,https://www.vindeln.se/
2409,Robertsfors,robertsfors.se,https://www.robertsfors.se/kommunochpolitik/politikochsammantraden/sammantradenochprotokoll.1111.html,https://www.robertsfors.se/
2417,Norsjö,norsjo.se,https://norsjo.se/kommun-politik/politik/kommunfullmaktige/kallelser/,https://norsjo.se/
2418,Malå,mala.se,http://www.mala.se/kommun-och-politik/protokoll-och-kallelser/sammantradesdagar-2026/,http://www.mala.se/
2421,Storuman,storuman.se,,https://storuman.se/
2422,Sorsele,sorsele.se,,https://portal.sorsele.se/
2425,Dorotea,dorotea.se,https://www.dorotea.se/kommun-och-politik/moten-handlingar-och-protokoll/sammantradesdatum-2026/,https://www.dorotea.se/
2460,Vännäs,vannas.se,https://www.vannas.se/kommun-och-politik/politik-och-sammantraden,https://www.vannas.se/
2462,Vilhelmina,vilhelmina.se,,https://www.vilhelmina.se/
2463,Åsele,asele.se,https://www.asele.se/kommun-och-politik/protokoll-och-dokument/politiska-protokoll/,https://www.asele.se/
2480,Umeå,umea.se,https://www.umea.se/kommunochpolitik/overklagabeslutrattssakerhet/anslagstavlaofficiell/anslagmotenochprotokoll.4.2e56573819ab3afdd4615f0a.html,https://www.umea.se/
2481,Lycksele,lycksele.se,,https://www.lycksele.se/
2482,Skellefteå,skelleftea.se,,https://skelleftea.se/
2505,Arvidsjaur,arvidsjaur.se,,https://arvidsjaur.se/
2506,Arjeplog,arjeplog.se,https://arjeplog.se/anslag-och-kungorelser/,https://arjeplog.se/
2510,Jokkmokk,jokkmokk.se,https://www.jokkmokk.se/kommun-och-politik/anslagstavla/,https://www.jokkmokk.se/
2513,Överkalix,overkalix.se,https://www.overkalix.se/kommun-och-politik/politik-och-organisation/protokoll/,https://www.overkalix.se/
2514,Kalix,kalix.se,https://www.kalix.se/kommun/Moten-handlingar-och-protokoll/,https://www.kalix.se/
2518,Övertorneå,overtornea.se,https://overtornea.se/kallelser/kommunfullmaktige-2/,https://overtornea.se/
2521,Pajala,pajala.se,https://www.pajala.se/kommun-politik-och-service/anslagstavla/kallelser/,https://www.pajala.se/
2523,Gällivare,gallivare.se,,https://gallivare.se/
2560,Älvsbyn,alvsbyn.se,https://www.alvsbyn.se/kommun-och-demokrati/politik/protokoll/kommunfullmaktiges-protokoll/,https://www.alvsbyn.se/
2580,Luleå,lulea.se,https://www.lulea.se/kommun--politik/moten-handlingar-och-protokoll.html,https://www.lulea.se/
2581,Piteå,pitea.se,https://www.pitea.se/invanare/Kommun-politik/politik/Kommunfullmaktige/Protokoll/,https://www.pitea.se/
2582,Boden,boden.se,,https://boden.se/
2583,Haparanda,haparanda.se,https://www-haparanda-se.translate.goog/kommun-och-politik/demokrati-och-insyn/diarium-handlingar-och-protokoll?_x_tr_sl=sv&_x_tr_tl=en&_x_tr_hl=sv,https://www.haparanda.se/
2584,Kiruna,kiruna.se,https://kiruna.se/kommun--demokrati/sammantraden-protokoll-och-fortroendevalda.html,https://kiruna.se/
