municipality_id,municipality_name,municipality_orgnr,valid_from,valid_to,source,validity_basis
0114,Upplands Väsby,2120000019,,,https://api.skolverket.se/skolenhetsregistret/export/skolenhet/adressfil ; https://www.scb.se/hitta-statistik/regional-statistik-och-kartor/regionala-indelningar/lan-och-kommuner/lan-och-kommuner-i-kodnummerordning/,current_snapshot_historical_continuity_unverified
0115,Vallentuna,2120000027,,,https://api.skolverket.se/skolenhetsregistret/export/skolenhet/adressfil ; https://www.scb.se/hitta-statistik/regional-statistik-och-kartor/regionala-indelningar/lan-och-kommuner/lan-och-kommuner-i-kodnummerordning/,current_snapshot_historical_continuity_unverified
0117,Österåker,2120002890,,,https://api.skolverket.se/skolenhetsregistret/export/skolenhet/adressfil ; https://www.scb.se/hitta-statistik/regional-statistik-och-kartor/regionala-indelningar/lan-och-kommuner/lan-och-kommuner-i-kodnummerordning/,current_snapshot_historical_continuity_unverified
0120,Värmdö,2120000035,,,https://api.skolverket.se/skolenhetsregistret/export/skolenhet/adressfil ; https://www.scb.se/hitta-statistik/regional-statistik-och-kartor/regionala-indelningar/lan-och-kommuner/lan-och-kommuner-i-kodnummerordning/,current_snapshot_historical_continuity_unverified
0123,Järfälla,2120000043,,,https://api.skolverket.se/skolenhetsregistret/export/skolenhet/adressfil ; https://www.scb.se/hitta-statistik/regional-statistik-och-kartor/regionala-indelningar/lan-och-kommuner/lan-och-kommuner-i-kodnummerordning/,current_snapshot_historical_continuity_unverified
0125,Ekerö,2120000050,,,https://api.skolverket.se/skolenhetsregistret/export/skolenhet/adressfil ; https://www.scb.se/hitta-statistik/regional-statistik-och-kartor/regionala-indelningar/lan-och-kommuner/lan-och-kommuner-i-kodnummerordning/,current_snapshot_historical_continuity_unverified
0126,Huddinge,2120000068,,,https://api.skolverket.se/skolenhetsregistret/export/skolenhet/adressfil ; https://www.scb.se/hitta-statistik/regional-statistik-och-kartor/regionala-indelningar/lan-och-kommuner/lan-och-kommuner-i-kodnummerordning/,current_snapshot_historical_continuity_unverified
0127,Botkyrka,2120002882,,,https://api.skolverket.se/skolenhetsregistret/export/skolenhet/adressfil ; https://www.scb.se/hitta-statistik/regional-statistik-och-kartor/regionala-indelningar/lan-och-kommuner/lan-och-kommuner-i-kodnummerordning/,current_snapshot_historical_continuity_unverified
0128,Salem,2120002874,,,https://api.skolverket.se/skolenhetsregistret/export/skolenhet/adressfil ; https://www.scb.se/hitta-statistik/regional-statistik-och-kartor/regionala-indelningar/lan-och-kommuner/lan-och-kommuner-i-kodnummerordning/,current_snapshot_historical_continuity_unverified
0136,Haninge,2120000084,,,https://api.skolverket.se/skolenhetsregistret/export/skolenhet/adressfil ; https://www.scb.se/hitta-statistik/regional-statistik-och-kartor/regionala-indelningar/lan-och-kommuner/lan-och-kommuner-i-kodnummerordning/,current_snapshot_historical_continuity_unverified
0138,Tyresö,2120000092,,,https://api.skolverket.se/skolenhetsregistret/export/skolenhet/adressfil ; https://www.scb.se/hitta-statistik/regional-statistik-och-kartor/regionala-indelningar/lan-och-kommuner/lan-och-kommuner-i-kodnummerordning/,current_snapshot_historical_continuity_unverified
0139,Upplands-Bro,2120000100,,,https://api.skolverket.se/skolenhetsregistret/export/skolenhet/adressfil ; https://www.scb.se/hitta-statistik/regional-statistik-och-kartor/regionala-indelningar/lan-och-kommuner/lan-och-kommuner-i-kodnummerordning/,current_snapshot_historical_continuity_unverified
0140,Nykvarn,2120002999,,,https://api.skolverket.se/skolenhetsregistret/export/skolenhet/adressfil ; https://www.scb.se/hitta-statistik/regional-statistik-och-kartor/regionala-indelningar/lan-och-kommuner/lan-och-kommuner-i-kodnummerordning/,current_snapshot_historical_continuity_unverified
0160,Täby,2120000118,,,https://api.skolverket.se/skolenhetsregistret/export/skolenhet/adressfil ; https://www.scb.se/hitta-statistik/regional-statistik-och-kartor/regionala-indelningar/lan-och-kommuner/lan-och-kommuner-i-kodnummerordning/,current_snapshot_historical_continuity_unverified
0162,Danderyd,2120000126,,,https://api.skolverket.se/skolenhetsregistret/export/skolenhet/adressfil ; https://www.scb.se/hitta-statistik/regional-statistik-och-kartor/regionala-indelningar/lan-och-kommuner/lan-och-kommuner-i-kodnummerordning/,current_snapshot_historical_continuity_unverified
0163,Sollentuna,2120000134,,,https://api.skolverket.se/skolenhetsregistret/export/skolenhet/adressfil ; https://www.scb.se/hitta-statistik/regional-statistik-och-kartor/regionala-indelningar/lan-och-kommuner/lan-och-kommuner-i-kodnummerordning/,current_snapshot_historical_continuity_unverified
0180,Stockholm,2120000142,,,https://api.skolverket.se/skolenhetsregistret/export/skolenhet/adressfil ; https://www.scb.se/hitta-statistik/regional-statistik-och-kartor/regionala-indelningar/lan-och-kommuner/lan-och-kommuner-i-kodnummerordning/,current_snapshot_historical_continuity_unverified
0181,Södertälje,2120000159,,,https://api.skolverket.se/skolenhetsregistret/export/skolenhet/adressfil ; https://www.scb.se/hitta-statistik/regional-statistik-och-kartor/regionala-indelningar/lan-och-kommuner/lan-och-kommuner-i-kodnummerordning/,current_snapshot_historical_continuity_unverified
0182,Nacka,2120000167,,,https://api.skolverket.se/skolenhetsregistret/export/skolenhet/adressfil ; https://www.scb.se/hitta-statistik/regional-statistik-och-kartor/regionala-indelningar/lan-och-kommuner/lan-och-kommuner-i-kodnummerordning/,current_snapshot_historical_continuity_unverified
0183,Sundbyberg,2120000175,,,https://api.skolverket.se/skolenhetsregistret/export/skolenhet/adressfil ; https://www.scb.se/hitta-statistik/regional-statistik-och-kartor/regionala-indelningar/lan-och-kommuner/lan-och-kommuner-i-kodnummerordning/,current_snapshot_historical_continuity_unverified
0184,Solna,2120000183,,,https://api.skolverket.se/skolenhetsregistret/export/skolenhet/adressfil ; https://www.scb.se/hitta-statistik/regional-statistik-och-kartor/regionala-indelningar/lan-och-kommuner/lan-och-kommuner-i-kodnummerordning/,current_snapshot_historical_continuity_unverified
0186,Lidingö,2120000191,,,https://api.skolverket.se/skolenhetsregistret/export/skolenhet/adressfil ; https://www.scb.se/hitta-statistik/regional-statistik-och-kartor/regionala-indelningar/lan-och-kommuner/lan-och-kommuner-i-kodnummerordning/,current_snapshot_historical_continuity_unverified
0187,Vaxholm,2120002908,,,https://api.skolverket.se/skolenhetsregistret/export/skolenhet/adressfil ; https://www.scb.se/hitta-statistik/regional-statistik-och-kartor/regionala-indelningar/lan-och-kommuner/lan-och-kommuner-i-kodnummerordning/,current_snapshot_historical_continuity_unverified
0188,Norrtälje,2120000217,,,https://api.skolverket.se/skolenhetsregistret/export/skolenhet/adressfil ; https://www.scb.se/hitta-statistik/regional-statistik-och-kartor/regionala-indelningar/lan-och-kommuner/lan-och-kommuner-i-kodnummerordning/,current_snapshot_historical_continuity_unverified
0191,Sigtuna,2120000225,,,https://api.skolverket.se/skolenhetsregistret/export/skolenhet/adressfil ; https://www.scb.se/hitta-statistik/regional-statistik-och-kartor/regionala-indelningar/lan-och-kommuner/lan-och-kommuner-i-kodnummerordning/,current_snapshot_historical_continuity_unverified
0192,Nynäshamn,2120000233,,,https://api.skolverket.se/skolenhetsregistret/export/skolenhet/adressfil ; https://www.scb.se/hitta-statistik/regional-statistik-och-kartor/regionala-indelningar/lan-och-kommuner/lan-och-kommuner-i-kodnummerordning/,current_snapshot_historical_continuity_unverified
0305,Håbo,2120000241,,,https://api.skolverket.se/skolenhetsregistret/export/skolenhet/adressfil ; https://www.scb.se/hitta-statistik/regional-statistik-och-kartor/regionala-indelningar/lan-och-kommuner/lan-och-kommuner-i-kodnummerordning/,current_snapshot_historical_continuity_unverified
0319,Älvkarleby,2120000258,,,https://api.skolverket.se/skolenhetsregistret/export/skolenhet/adressfil ; https://www.scb.se/hitta-statistik/regional-statistik-och-kartor/regionala-indelningar/lan-och-kommuner/lan-och-kommuner-i-kodnummerordning/,current_snapshot_historical_continuity_unverified
0330,Knivsta,2120003013,,,https://api.skolverket.se/skolenhetsregistret/export/skolenhet/adressfil ; https://www.scb.se/hitta-statistik/regional-statistik-och-kartor/regionala-indelningar/lan-och-kommuner/lan-och-kommuner-i-kodnummerordning/,current_snapshot_historical_continuity_unverified
0331,Heby,2120002049,,,https://api.skolverket.se/skolenhetsregistret/export/skolenhet/adressfil ; https://www.scb.se/hitta-statistik/regional-statistik-och-kartor/regionala-indelningar/lan-och-kommuner/lan-och-kommuner-i-kodnummerordning/,current_snapshot_historical_continuity_unverified
0360,Tierp,2120000266,,,https://api.skolverket.se/skolenhetsregistret/export/skolenhet/adressfil ; https://www.scb.se/hitta-statistik/regional-statistik-och-kartor/regionala-indelningar/lan-och-kommuner/lan-och-kommuner-i-kodnummerordning/,current_snapshot_historical_continuity_unverified
0380,Uppsala,2120003005,,,https://api.skolverket.se/skolenhetsregistret/export/skolenhet/adressfil ; https://www.scb.se/hitta-statistik/regional-statistik-och-kartor/regionala-indelningar/lan-och-kommuner/lan-och-kommuner-i-kodnummerordning/,current_snapshot_historical_continuity_unverified
0381,Enköping,2120000282,,,https://api.skolverket.se/skolenhetsregistret/export/skolenhet/adressfil ; https://www.scb.se/hitta-statistik/regional-statistik-och-kartor/regionala-indelningar/lan-och-kommuner/lan-och-kommuner-i-kodnummerordning/,current_snapshot_historical_continuity_unverified
0382,Östhammar,2120000290,,,https://api.skolverket.se/skolenhetsregistret/export/skolenhet/adressfil ; https://www.scb.se/hitta-statistik/regional-statistik-och-kartor/regionala-indelningar/lan-och-kommuner/lan-och-kommuner-i-kodnummerordning/,current_snapshot_historical_continuity_unverified
0428,Vingåker,2120000308,,,https://api.skolverket.se/skolenhetsregistret/export/skolenhet/adressfil ; https://www.scb.se/hitta-statistik/regional-statistik-och-kartor/regionala-indelningar/lan-och-kommuner/lan-och-kommuner-i-kodnummerordning/,current_snapshot_historical_continuity_unverified
0461,Gnesta,2120002965,,,https://api.skolverket.se/skolenhetsregistret/export/skolenhet/adressfil ; https://www.scb.se/hitta-statistik/regional-statistik-och-kartor/regionala-indelningar/lan-och-kommuner/lan-och-kommuner-i-kodnummerordning/,current_snapshot_historical_continuity_unverified
0480,Nyköping,2120002940,,,https://api.skolverket.se/skolenhetsregistret/export/skolenhet/adressfil ; https://www.scb.se/hitta-statistik/regional-statistik-och-kartor/regionala-indelningar/lan-och-kommuner/lan-och-kommuner-i-kodnummerordning/,current_snapshot_historical_continuity_unverified
0481,Oxelösund,2120000324,,,https://api.skolverket.se/skolenhetsregistret/export/skolenhet/adressfil ; https://www.scb.se/hitta-statistik/regional-statistik-och-kartor/regionala-indelningar/lan-och-kommuner/lan-och-kommuner-i-kodnummerordning/,current_snapshot_historical_continuity_unverified
0482,Flen,2120000332,,,https://api.skolverket.se/skolenhetsregistret/export/skolenhet/adressfil ; https://www.scb.se/hitta-statistik/regional-statistik-och-kartor/regionala-indelningar/lan-och-kommuner/lan-och-kommuner-i-kodnummerordning/,current_snapshot_historical_continuity_unverified
0483,Katrineholm,2120000340,,,https://api.skolverket.se/skolenhetsregistret/export/skolenhet/adressfil ; https://www.scb.se/hitta-statistik/regional-statistik-och-kartor/regionala-indelningar/lan-och-kommuner/lan-och-kommuner-i-kodnummerordning/,current_snapshot_historical_continuity_unverified
0484,Eskilstuna,2120000357,,,https://api.skolverket.se/skolenhetsregistret/export/skolenhet/adressfil ; https://www.scb.se/hitta-statistik/regional-statistik-och-kartor/regionala-indelningar/lan-och-kommuner/lan-och-kommuner-i-kodnummerordning/,current_snapshot_historical_continuity_unverified
0486,Strängnäs,2120000365,,,https://api.skolverket.se/skolenhetsregistret/export/skolenhet/adressfil ; https://www.scb.se/hitta-statistik/regional-statistik-och-kartor/regionala-indelningar/lan-och-kommuner/lan-och-kommuner-i-kodnummerordning/,current_snapshot_historical_continuity_unverified
0488,Trosa,2120002957,,,https://api.skolverket.se/skolenhetsregistret/export/skolenhet/adressfil ; https://www.scb.se/hitta-statistik/regional-statistik-och-kartor/regionala-indelningar/lan-och-kommuner/lan-och-kommuner-i-kodnummerordning/,current_snapshot_historical_continuity_unverified
0509,Ödeshög,2120000373,,,https://api.skolverket.se/skolenhetsregistret/export/skolenhet/adressfil ; https://www.scb.se/hitta-statistik/regional-statistik-och-kartor/regionala-indelningar/lan-och-kommuner/lan-och-kommuner-i-kodnummerordning/,current_snapshot_historical_continuity_unverified
0512,Ydre,2120000381,,,https://api.skolverket.se/skolenhetsregistret/export/skolenhet/adressfil ; https://www.scb.se/hitta-statistik/regional-statistik-och-kartor/regionala-indelningar/lan-och-kommuner/lan-och-kommuner-i-kodnummerordning/,current_snapshot_historical_continuity_unverified
0513,Kinda,2120000399,,,https://api.skolverket.se/skolenhetsregistret/export/skolenhet/adressfil ; https://www.scb.se/hitta-statistik/regional-statistik-och-kartor/regionala-indelningar/lan-och-kommuner/lan-och-kommuner-i-kodnummerordning/,current_snapshot_historical_continuity_unverified
0560,Boxholm,2120000407,,,https://api.skolverket.se/skolenhetsregistret/export/skolenhet/adressfil ; https://www.scb.se/hitta-statistik/regional-statistik-och-kartor/regionala-indelningar/lan-och-kommuner/lan-och-kommuner-i-kodnummerordning/,current_snapshot_historical_continuity_unverified
0561,Åtvidaberg,2120000415,,,https://api.skolverket.se/skolenhetsregistret/export/skolenhet/adressfil ; https://www.scb.se/hitta-statistik/regional-statistik-och-kartor/regionala-indelningar/lan-och-kommuner/lan-och-kommuner-i-kodnummerordning/,current_snapshot_historical_continuity_unverified
0562,Finspång,2120000423,,,https://api.skolverket.se/skolenhetsregistret/export/skolenhet/adressfil ; https://www.scb.se/hitta-statistik/regional-statistik-och-kartor/regionala-indelningar/lan-och-kommuner/lan-och-kommuner-i-kodnummerordning/,current_snapshot_historical_continuity_unverified
0563,Valdemarsvik,2120000431,,,https://api.skolverket.se/skolenhetsregistret/export/skolenhet/adressfil ; https://www.scb.se/hitta-statistik/regional-statistik-och-kartor/regionala-indelningar/lan-och-kommuner/lan-och-kommuner-i-kodnummerordning/,current_snapshot_historical_continuity_unverified
0580,Linköping,2120000449,,,https://api.skolverket.se/skolenhetsregistret/export/skolenhet/adressfil ; https://www.scb.se/hitta-statistik/regional-statistik-och-kartor/regionala-indelningar/lan-och-kommuner/lan-och-kommuner-i-kodnummerordning/,current_snapshot_historical_continuity_unverified
0581,Norrköping,2120000456,,,https://api.skolverket.se/skolenhetsregistret/export/skolenhet/adressfil ; https://www.scb.se/hitta-statistik/regional-statistik-och-kartor/regionala-indelningar/lan-och-kommuner/lan-och-kommuner-i-kodnummerordning/,current_snapshot_historical_continuity_unverified
0582,Söderköping,2120000464,,,https://api.skolverket.se/skolenhetsregistret/export/skolenhet/adressfil ; https://www.scb.se/hitta-statistik/regional-statistik-och-kartor/regionala-indelningar/lan-och-kommuner/lan-och-kommuner-i-kodnummerordning/,current_snapshot_historical_continuity_unverified
0583,Motala,2120002817,,,https://api.skolverket.se/skolenhetsregistret/export/skolenhet/adressfil ; https://www.scb.se/hitta-statistik/regional-statistik-och-kartor/regionala-indelningar/lan-och-kommuner/lan-och-kommuner-i-kodnummerordning/,current_snapshot_historical_continuity_unverified
0584,Vadstena,2120002825,,,https://api.skolverket.se/skolenhetsregistret/export/skolenhet/adressfil ; https://www.scb.se/hitta-statistik/regional-statistik-och-kartor/regionala-indelningar/lan-och-kommuner/lan-och-kommuner-i-kodnummerordning/,current_snapshot_historical_continuity_unverified
0586,Mjölby,2120000480,,,https://api.skolverket.se/skolenhetsregistret/export/skolenhet/adressfil ; https://www.scb.se/hitta-statistik/regional-statistik-och-kartor/regionala-indelningar/lan-och-kommuner/lan-och-kommuner-i-kodnummerordning/,current_snapshot_historical_continuity_unverified
0604,Aneby,2120000498,,,https://api.skolverket.se/skolenhetsregistret/export/skolenhet/adressfil ; https://www.scb.se/hitta-statistik/regional-statistik-och-kartor/regionala-indelningar/lan-och-kommuner/lan-och-kommuner-i-kodnummerordning/,current_snapshot_historical_continuity_unverified
0617,Gnosjö,2120000506,,,https://api.skolverket.se/skolenhetsregistret/export/skolenhet/adressfil ; https://www.scb.se/hitta-statistik/regional-statistik-och-kartor/regionala-indelningar/lan-och-kommuner/lan-och-kommuner-i-kodnummerordning/,current_snapshot_historical_continuity_unverified
0642,Mullsjö,2120001603,,,https://api.skolverket.se/skolenhetsregistret/export/skolenhet/adressfil ; https://www.scb.se/hitta-statistik/regional-statistik-och-kartor/regionala-indelningar/lan-och-kommuner/lan-och-kommuner-i-kodnummerordning/,current_snapshot_historical_continuity_unverified
0643,Habo,2120001611,,,https://api.skolverket.se/skolenhetsregistret/export/skolenhet/adressfil ; https://www.scb.se/hitta-statistik/regional-statistik-och-kartor/regionala-indelningar/lan-och-kommuner/lan-och-kommuner-i-kodnummerordning/,current_snapshot_historical_continuity_unverified
0662,Gislaved,2120000514,,,https://api.skolverket.se/skolenhetsregistret/export/skolenhet/adressfil ; https://www.scb.se/hitta-statistik/regional-statistik-och-kartor/regionala-indelningar/lan-och-kommuner/lan-och-kommuner-i-kodnummerordning/,current_snapshot_historical_continuity_unverified
0665,Vaggeryd,2120000522,,,https://api.skolverket.se/skolenhetsregistret/export/skolenhet/adressfil ; https://www.scb.se/hitta-statistik/regional-statistik-och-kartor/regionala-indelningar/lan-och-kommuner/lan-och-kommuner-i-kodnummerordning/,current_snapshot_historical_continuity_unverified
0680,Jönköping,2120000530,,,https://api.skolverket.se/skolenhetsregistret/export/skolenhet/adressfil ; https://www.scb.se/hitta-statistik/regional-statistik-och-kartor/regionala-indelningar/lan-och-kommuner/lan-och-kommuner-i-kodnummerordning/,current_snapshot_historical_continuity_unverified
0682,Nässjö,2120000548,,,https://api.skolverket.se/skolenhetsregistret/export/skolenhet/adressfil ; https://www.scb.se/hitta-statistik/regional-statistik-och-kartor/regionala-indelningar/lan-och-kommuner/lan-och-kommuner-i-kodnummerordning/,current_snapshot_historical_continuity_unverified
0683,Värnamo,2120000555,,,https://api.skolverket.se/skolenhetsregistret/export/skolenhet/adressfil ; https://www.scb.se/hitta-statistik/regional-statistik-och-kartor/regionala-indelningar/lan-och-kommuner/lan-och-kommuner-i-kodnummerordning/,current_snapshot_historical_continuity_unverified
0684,Sävsjö,2120000563,,,https://api.skolverket.se/skolenhetsregistret/export/skolenhet/adressfil ; https://www.scb.se/hitta-statistik/regional-statistik-och-kartor/regionala-indelningar/lan-och-kommuner/lan-och-kommuner-i-kodnummerordning/,current_snapshot_historical_continuity_unverified
0685,Vetlanda,2120000571,,,https://api.skolverket.se/skolenhetsregistret/export/skolenhet/adressfil ; https://www.scb.se/hitta-statistik/regional-statistik-och-kartor/regionala-indelningar/lan-och-kommuner/lan-och-kommuner-i-kodnummerordning/,current_snapshot_historical_continuity_unverified
0686,Eksjö,2120000589,,,https://api.skolverket.se/skolenhetsregistret/export/skolenhet/adressfil ; https://www.scb.se/hitta-statistik/regional-statistik-och-kartor/regionala-indelningar/lan-och-kommuner/lan-och-kommuner-i-kodnummerordning/,current_snapshot_historical_continuity_unverified
0687,Tranås,2120000597,,,https://api.skolverket.se/skolenhetsregistret/export/skolenhet/adressfil ; https://www.scb.se/hitta-statistik/regional-statistik-och-kartor/regionala-indelningar/lan-och-kommuner/lan-och-kommuner-i-kodnummerordning/,current_snapshot_historical_continuity_unverified
0760,Uppvidinge,2120000605,,,https://api.skolverket.se/skolenhetsregistret/export/skolenhet/adressfil ; https://www.scb.se/hitta-statistik/regional-statistik-och-kartor/regionala-indelningar/lan-och-kommuner/lan-och-kommuner-i-kodnummerordning/,current_snapshot_historical_continuity_unverified
0761,Lessebo,2120000613,,,https://api.skolverket.se/skolenhetsregistret/export/skolenhet/adressfil ; https://www.scb.se/hitta-statistik/regional-statistik-och-kartor/regionala-indelningar/lan-och-kommuner/lan-och-kommuner-i-kodnummerordning/,current_snapshot_historical_continuity_unverified
0763,Tingsryd,2120000621,,,https://api.skolverket.se/skolenhetsregistret/export/skolenhet/adressfil ; https://www.scb.se/hitta-statistik/regional-statistik-och-kartor/regionala-indelningar/lan-och-kommuner/lan-och-kommuner-i-kodnummerordning/,current_snapshot_historical_continuity_unverified
0764,Alvesta,2120000639,,,https://api.skolverket.se/skolenhetsregistret/export/skolenhet/adressfil ; https://www.scb.se/hitta-statistik/regional-statistik-och-kartor/regionala-indelningar/lan-och-kommuner/lan-och-kommuner-i-kodnummerordning/,current_snapshot_historical_continuity_unverified
0765,Älmhult,2120000647,,,https://api.skolverket.se/skolenhetsregistret/export/skolenhet/adressfil ; https://www.scb.se/hitta-statistik/regional-statistik-och-kartor/regionala-indelningar/lan-och-kommuner/lan-och-kommuner-i-kodnummerordning/,current_snapshot_historical_continuity_unverified
0767,Markaryd,2120000654,,,https://api.skolverket.se/skolenhetsregistret/export/skolenhet/adressfil ; https://www.scb.se/hitta-statistik/regional-statistik-och-kartor/regionala-indelningar/lan-och-kommuner/lan-och-kommuner-i-kodnummerordning/,current_snapshot_historical_continuity_unverified
0780,Växjö,2120000662,,,https://api.skolverket.se/skolenhetsregistret/export/skolenhet/adressfil ; https://www.scb.se/hitta-statistik/regional-statistik-och-kartor/regionala-indelningar/lan-och-kommuner/lan-och-kommuner-i-kodnummerordning/,current_snapshot_historical_continuity_unverified
0781,Ljungby,2120000670,,,https://api.skolverket.se/skolenhetsregistret/export/skolenhet/adressfil ; https://www.scb.se/hitta-statistik/regional-statistik-och-kartor/regionala-indelningar/lan-och-kommuner/lan-och-kommuner-i-kodnummerordning/,current_snapshot_historical_continuity_unverified
0821,Högsby,2120000688,,,https://api.skolverket.se/skolenhetsregistret/export/skolenhet/adressfil ; https://www.scb.se/hitta-statistik/regional-statistik-och-kartor/regionala-indelningar/lan-och-kommuner/lan-och-kommuner-i-kodnummerordning/,current_snapshot_historical_continuity_unverified
0834,Torsås,2120000696,,,https://api.skolverket.se/skolenhetsregistret/export/skolenhet/adressfil ; https://www.scb.se/hitta-statistik/regional-statistik-och-kartor/regionala-indelningar/lan-och-kommuner/lan-och-kommuner-i-kodnummerordning/,current_snapshot_historical_continuity_unverified
0840,Mörbylånga,2120000704,,,https://api.skolverket.se/skolenhetsregistret/export/skolenhet/adressfil ; https://www.scb.se/hitta-statistik/regional-statistik-och-kartor/regionala-indelningar/lan-och-kommuner/lan-och-kommuner-i-kodnummerordning/,current_snapshot_historical_continuity_unverified
0860,Hultsfred,2120000712,,,https://api.skolverket.se/skolenhetsregistret/export/skolenhet/adressfil ; https://www.scb.se/hitta-statistik/regional-statistik-och-kartor/regionala-indelningar/lan-och-kommuner/lan-och-kommuner-i-kodnummerordning/,current_snapshot_historical_continuity_unverified
0861,Mönsterås,2120000720,,,https://api.skolverket.se/skolenhetsregistret/export/skolenhet/adressfil ; https://www.scb.se/hitta-statistik/regional-statistik-och-kartor/regionala-indelningar/lan-och-kommuner/lan-och-kommuner-i-kodnummerordning/,current_snapshot_historical_continuity_unverified
0862,Emmaboda,2120000738,,,https://api.skolverket.se/skolenhetsregistret/export/skolenhet/adressfil ; https://www.scb.se/hitta-statistik/regional-statistik-och-kartor/regionala-indelningar/lan-och-kommuner/lan-och-kommuner-i-kodnummerordning/,current_snapshot_historical_continuity_unverified
0880,Kalmar,2120000746,,,https://api.skolverket.se/skolenhetsregistret/export/skolenhet/adressfil ; https://www.scb.se/hitta-statistik/regional-statistik-och-kartor/regionala-indelningar/lan-och-kommuner/lan-och-kommuner-i-kodnummerordning/,current_snapshot_historical_continuity_unverified
0881,Nybro,2120000753,,,https://api.skolverket.se/skolenhetsregistret/export/skolenhet/adressfil ; https://www.scb.se/hitta-statistik/regional-statistik-och-kartor/regionala-indelningar/lan-och-kommuner/lan-och-kommuner-i-kodnummerordning/,current_snapshot_historical_continuity_unverified
0882,Oskarshamn,2120000761,,,https://api.skolverket.se/skolenhetsregistret/export/skolenhet/adressfil ; https://www.scb.se/hitta-statistik/regional-statistik-och-kartor/regionala-indelningar/lan-och-kommuner/lan-och-kommuner-i-kodnummerordning/,current_snapshot_historical_continuity_unverified
0883,Västervik,2120000779,,,https://api.skolverket.se/skolenhetsregistret/export/skolenhet/adressfil ; https://www.scb.se/hitta-statistik/regional-statistik-och-kartor/regionala-indelningar/lan-och-kommuner/lan-och-kommuner-i-kodnummerordning/,current_snapshot_historical_continuity_unverified
0884,Vimmerby,2120000787,,,https://api.skolverket.se/skolenhetsregistret/export/skolenhet/adressfil ; https://www.scb.se/hitta-statistik/regional-statistik-och-kartor/regionala-indelningar/lan-och-kommuner/lan-och-kommuner-i-kodnummerordning/,current_snapshot_historical_continuity_unverified
0885,Borgholm,2120000795,,,https://api.skolverket.se/skolenhetsregistret/export/skolenhet/adressfil ; https://www.scb.se/hitta-statistik/regional-statistik-och-kartor/regionala-indelningar/lan-och-kommuner/lan-och-kommuner-i-kodnummerordning/,current_snapshot_historical_continuity_unverified
0980,Gotland,2120000803,,,https://api.skolverket.se/skolenhetsregistret/export/skolenhet/adressfil ; https://www.scb.se/hitta-statistik/regional-statistik-och-kartor/regionala-indelningar/lan-och-kommuner/lan-och-kommuner-i-kodnummerordning/,current_snapshot_historical_continuity_unverified
1060,Olofström,2120000811,,,https://api.skolverket.se/skolenhetsregistret/export/skolenhet/adressfil ; https://www.scb.se/hitta-statistik/regional-statistik-och-kartor/regionala-indelningar/lan-och-kommuner/lan-och-kommuner-i-kodnummerordning/,current_snapshot_historical_continuity_unverified
1080,Karlskrona,2120000829,,,https://api.skolverket.se/skolenhetsregistret/export/skolenhet/adressfil ; https://www.scb.se/hitta-statistik/regional-statistik-och-kartor/regionala-indelningar/lan-och-kommuner/lan-och-kommuner-i-kodnummerordning/,current_snapshot_historical_continuity_unverified
1081,Ronneby,2120000837,,,https://api.skolverket.se/skolenhetsregistret/export/skolenhet/adressfil ; https://www.scb.se/hitta-statistik/regional-statistik-och-kartor/regionala-indelningar/lan-och-kommuner/lan-och-kommuner-i-kodnummerordning/,current_snapshot_historical_continuity_unverified
1082,Karlshamn,2120000845,,,https://api.skolverket.se/skolenhetsregistret/export/skolenhet/adressfil ; https://www.scb.se/hitta-statistik/regional-statistik-och-kartor/regionala-indelningar/lan-och-kommuner/lan-och-kommuner-i-kodnummerordning/,current_snapshot_historical_continuity_unverified
1083,Sölvesborg,2120000852,,,https://api.skolverket.se/skolenhetsregistret/export/skolenhet/adressfil ; https://www.scb.se/hitta-statistik/regional-statistik-och-kartor/regionala-indelningar/lan-och-kommuner/lan-och-kommuner-i-kodnummerordning/,current_snapshot_historical_continuity_unverified
1214,Svalöv,2120000993,,,https://api.skolverket.se/skolenhetsregistret/export/skolenhet/adressfil ; https://www.scb.se/hitta-statistik/regional-statistik-och-kartor/regionala-indelningar/lan-och-kommuner/lan-och-kommuner-i-kodnummerordning/,current_snapshot_historical_continuity_unverified
1230,Staffanstorp,2120001017,,,https://api.skolverket.se/skolenhetsregistret/export/skolenhet/adressfil ; https://www.scb.se/hitta-statistik/regional-statistik-och-kartor/regionala-indelningar/lan-och-kommuner/lan-och-kommuner-i-kodnummerordning/,current_snapshot_historical_continuity_unverified
1231,Burlöv,2120001025,,,https://api.skolverket.se/skolenhetsregistret/export/skolenhet/adressfil ; https://www.scb.se/hitta-statistik/regional-statistik-och-kartor/regionala-indelningar/lan-och-kommuner/lan-och-kommuner-i-kodnummerordning/,current_snapshot_historical_continuity_unverified
1233,Vellinge,2120001033,,,https://api.skolverket.se/skolenhetsregistret/export/skolenhet/adressfil ; https://www.scb.se/hitta-statistik/regional-statistik-och-kartor/regionala-indelningar/lan-och-kommuner/lan-och-kommuner-i-kodnummerordning/,current_snapshot_historical_continuity_unverified
1256,Östra Göinge,2120000860,,,https://api.skolverket.se/skolenhetsregistret/export/skolenhet/adressfil ; https://www.scb.se/hitta-statistik/regional-statistik-och-kartor/regionala-indelningar/lan-och-kommuner/lan-och-kommuner-i-kodnummerordning/,current_snapshot_historical_continuity_unverified
1257,Örkelljunga,2120000878,,,https://api.skolverket.se/skolenhetsregistret/export/skolenhet/adressfil ; https://www.scb.se/hitta-statistik/regional-statistik-och-kartor/regionala-indelningar/lan-och-kommuner/lan-och-kommuner-i-kodnummerordning/,current_snapshot_historical_continuity_unverified
1260,Bjuv,2120001041,,,https://api.skolverket.se/skolenhetsregistret/export/skolenhet/adressfil ; https://www.scb.se/hitta-statistik/regional-statistik-och-kartor/regionala-indelningar/lan-och-kommuner/lan-och-kommuner-i-kodnummerordning/,current_snapshot_historical_continuity_unverified
1261,Kävlinge,2120001058,,,https://api.skolverket.se/skolenhetsregistret/export/skolenhet/adressfil ; https://www.scb.se/hitta-statistik/regional-statistik-och-kartor/regionala-indelningar/lan-och-kommuner/lan-och-kommuner-i-kodnummerordning/,current_snapshot_historical_continuity_unverified
1262,Lomma,2120001066,,,https://api.skolverket.se/skolenhetsregistret/export/skolenhet/adressfil ; https://www.scb.se/hitta-statistik/regional-statistik-och-kartor/regionala-indelningar/lan-och-kommuner/lan-och-kommuner-i-kodnummerordning/,current_snapshot_historical_continuity_unverified
1263,Svedala,2120001074,,,https://api.skolverket.se/skolenhetsregistret/export/skolenhet/adressfil ; https://www.scb.se/hitta-statistik/regional-statistik-och-kartor/regionala-indelningar/lan-och-kommuner/lan-och-kommuner-i-kodnummerordning/,current_snapshot_historical_continuity_unverified
1264,Skurup,2120001082,,,https://api.skolverket.se/skolenhetsregistret/export/skolenhet/adressfil ; https://www.scb.se/hitta-statistik/regional-statistik-och-kartor/regionala-indelningar/lan-och-kommuner/lan-och-kommuner-i-kodnummerordning/,current_snapshot_historical_continuity_unverified
1265,Sjöbo,2120001090,,,https://api.skolverket.se/skolenhetsregistret/export/skolenhet/adressfil ; https://www.scb.se/hitta-statistik/regional-statistik-och-kartor/regionala-indelningar/lan-och-kommuner/lan-och-kommuner-i-kodnummerordning/,current_snapshot_historical_continuity_unverified
1266,Hörby,2120001108,,,https://api.skolverket.se/skolenhetsregistret/export/skolenhet/adressfil ; https://www.scb.se/hitta-statistik/regional-statistik-och-kartor/regionala-indelningar/lan-och-kommuner/lan-och-kommuner-i-kodnummerordning/,current_snapshot_historical_continuity_unverified
1267,Höör,2120001116,,,https://api.skolverket.se/skolenhetsregistret/export/skolenhet/adressfil ; https://www.scb.se/hitta-statistik/regional-statistik-och-kartor/regionala-indelningar/lan-och-kommuner/lan-och-kommuner-i-kodnummerordning/,current_snapshot_historical_continuity_unverified
1270,Tomelilla,2120000886,,,https://api.skolverket.se/skolenhetsregistret/export/skolenhet/adressfil ; https://www.scb.se/hitta-statistik/regional-statistik-och-kartor/regionala-indelningar/lan-och-kommuner/lan-och-kommuner-i-kodnummerordning/,current_snapshot_historical_continuity_unverified
1272,Bromölla,2120000894,,,https://api.skolverket.se/skolenhetsregistret/export/skolenhet/adressfil ; https://www.scb.se/hitta-statistik/regional-statistik-och-kartor/regionala-indelningar/lan-och-kommuner/lan-och-kommuner-i-kodnummerordning/,current_snapshot_historical_continuity_unverified
1273,Osby,2120000902,,,https://api.skolverket.se/skolenhetsregistret/export/skolenhet/adressfil ; https://www.scb.se/hitta-statistik/regional-statistik-och-kartor/regionala-indelningar/lan-och-kommuner/lan-och-kommuner-i-kodnummerordning/,current_snapshot_historical_continuity_unverified
1275,Perstorp,2120000910,,,https://api.skolverket.se/skolenhetsregistret/export/skolenhet/adressfil ; https://www.scb.se/hitta-statistik/regional-statistik-och-kartor/regionala-indelningar/lan-och-kommuner/lan-och-kommuner-i-kodnummerordning/,current_snapshot_historical_continuity_unverified
1276,Klippan,2120000928,,,https://api.skolverket.se/skolenhetsregistret/export/skolenhet/adressfil ; https://www.scb.se/hitta-statistik/regional-statistik-och-kartor/regionala-indelningar/lan-och-kommuner/lan-och-kommuner-i-kodnummerordning/,current_snapshot_historical_continuity_unverified
1277,Åstorp,2120000936,,,https://api.skolverket.se/skolenhetsregistret/export/skolenhet/adressfil ; https://www.scb.se/hitta-statistik/regional-statistik-och-kartor/regionala-indelningar/lan-och-kommuner/lan-och-kommuner-i-kodnummerordning/,current_snapshot_historical_continuity_unverified
1278,Båstad,2120000944,,,https://api.skolverket.se/skolenhetsregistret/export/skolenhet/adressfil ; https://www.scb.se/hitta-statistik/regional-statistik-och-kartor/regionala-indelningar/lan-och-kommuner/lan-och-kommuner-i-kodnummerordning/,current_snapshot_historical_continuity_unverified
1280,Malmö,2120001124,,,https://api.skolverket.se/skolenhetsregistret/export/skolenhet/adressfil ; https://www.scb.se/hitta-statistik/regional-statistik-och-kartor/regionala-indelningar/lan-och-kommuner/lan-och-kommuner-i-kodnummerordning/,current_snapshot_historical_continuity_unverified
1281,Lund,2120001132,,,https://api.skolverket.se/skolenhetsregistret/export/skolenhet/adressfil ; https://www.scb.se/hitta-statistik/regional-statistik-och-kartor/regionala-indelningar/lan-och-kommuner/lan-och-kommuner-i-kodnummerordning/,current_snapshot_historical_continuity_unverified
1282,Landskrona,2120001140,,,https://api.skolverket.se/skolenhetsregistret/export/skolenhet/adressfil ; https://www.scb.se/hitta-statistik/regional-statistik-och-kartor/regionala-indelningar/lan-och-kommuner/lan-och-kommuner-i-kodnummerordning/,current_snapshot_historical_continuity_unverified
1283,Helsingborg,2120001157,,,https://api.skolverket.se/skolenhetsregistret/export/skolenhet/adressfil ; https://www.scb.se/hitta-statistik/regional-statistik-och-kartor/regionala-indelningar/lan-och-kommuner/lan-och-kommuner-i-kodnummerordning/,current_snapshot_historical_continuity_unverified
1284,Höganäs,2120001165,,,https://api.skolverket.se/skolenhetsregistret/export/skolenhet/adressfil ; https://www.scb.se/hitta-statistik/regional-statistik-och-kartor/regionala-indelningar/lan-och-kommuner/lan-och-kommuner-i-kodnummerordning/,current_snapshot_historical_continuity_unverified
1285,Eslöv,2120001173,,,https://api.skolverket.se/skolenhetsregistret/export/skolenhet/adressfil ; https://www.scb.se/hitta-statistik/regional-statistik-och-kartor/regionala-indelningar/lan-och-kommuner/lan-och-kommuner-i-kodnummerordning/,current_snapshot_historical_continuity_unverified
1286,Ystad,2120001181,,,https://api.skolverket.se/skolenhetsregistret/export/skolenhet/adressfil ; https://www.scb.se/hitta-statistik/regional-statistik-och-kartor/regionala-indelningar/lan-och-kommuner/lan-och-kommuner-i-kodnummerordning/,current_snapshot_historical_continuity_unverified
1287,Trelleborg,2120001199,,,https://api.skolverket.se/skolenhetsregistret/export/skolenhet/adressfil ; https://www.scb.se/hitta-statistik/regional-statistik-och-kartor/regionala-indelningar/lan-och-kommuner/lan-och-kommuner-i-kodnummerordning/,current_snapshot_historical_continuity_unverified
1290,Kristianstad,2120000951,,,https://api.skolverket.se/skolenhetsregistret/export/skolenhet/adressfil ; https://www.scb.se/hitta-statistik/regional-statistik-och-kartor/regionala-indelningar/lan-och-kommuner/lan-och-kommuner-i-kodnummerordning/,current_snapshot_historical_continuity_unverified
1291,Simrishamn,2120000969,,,https://api.skolverket.se/skolenhetsregistret/export/skolenhet/adressfil ; https://www.scb.se/hitta-statistik/regional-statistik-och-kartor/regionala-indelningar/lan-och-kommuner/lan-och-kommuner-i-kodnummerordning/,current_snapshot_historical_continuity_unverified
1292,Ängelholm,2120000977,,,https://api.skolverket.se/skolenhetsregistret/export/skolenhet/adressfil ; https://www.scb.se/hitta-statistik/regional-statistik-och-kartor/regionala-indelningar/lan-och-kommuner/lan-och-kommuner-i-kodnummerordning/,current_snapshot_historical_continuity_unverified
1293,Hässleholm,2120000985,,,https://api.skolverket.se/skolenhetsregistret/export/skolenhet/adressfil ; https://www.scb.se/hitta-statistik/regional-statistik-och-kartor/regionala-indelningar/lan-och-kommuner/lan-och-kommuner-i-kodnummerordning/,current_snapshot_historical_continuity_unverified
1315,Hylte,2120001207,,,https://api.skolverket.se/skolenhetsregistret/export/skolenhet/adressfil ; https://www.scb.se/hitta-statistik/regional-statistik-och-kartor/regionala-indelningar/lan-och-kommuner/lan-och-kommuner-i-kodnummerordning/,current_snapshot_historical_continuity_unverified
1380,Halmstad,2120001215,,,https://api.skolverket.se/skolenhetsregistret/export/skolenhet/adressfil ; https://www.scb.se/hitta-statistik/regional-statistik-och-kartor/regionala-indelningar/lan-och-kommuner/lan-och-kommuner-i-kodnummerordning/,current_snapshot_historical_continuity_unverified
1381,Laholm,2120001223,,,https://api.skolverket.se/skolenhetsregistret/export/skolenhet/adressfil ; https://www.scb.se/hitta-statistik/regional-statistik-och-kartor/regionala-indelningar/lan-och-kommuner/lan-och-kommuner-i-kodnummerordning/,current_snapshot_historical_continuity_unverified
1382,Falkenberg,2120001231,,,https://api.skolverket.se/skolenhetsregistret/export/skolenhet/adressfil ; https://www.scb.se/hitta-statistik/regional-statistik-och-kartor/regionala-indelningar/lan-och-kommuner/lan-och-kommuner-i-kodnummerordning/,current_snapshot_historical_continuity_unverified
1383,Varberg,2120001249,,,https://api.skolverket.se/skolenhetsregistret/export/skolenhet/adressfil ; https://www.scb.se/hitta-statistik/regional-statistik-och-kartor/regionala-indelningar/lan-och-kommuner/lan-och-kommuner-i-kodnummerordning/,current_snapshot_historical_continuity_unverified
1384,Kungsbacka,2120001256,,,https://api.skolverket.se/skolenhetsregistret/export/skolenhet/adressfil ; https://www.scb.se/hitta-statistik/regional-statistik-och-kartor/regionala-indelningar/lan-och-kommuner/lan-och-kommuner-i-kodnummerordning/,current_snapshot_historical_continuity_unverified
1401,Härryda,2120001264,,,https://api.skolverket.se/skolenhetsregistret/export/skolenhet/adressfil ; https://www.scb.se/hitta-statistik/regional-statistik-och-kartor/regionala-indelningar/lan-och-kommuner/lan-och-kommuner-i-kodnummerordning/,current_snapshot_historical_continuity_unverified
1402,Partille,2120001272,,,https://api.skolverket.se/skolenhetsregistret/export/skolenhet/adressfil ; https://www.scb.se/hitta-statistik/regional-statistik-och-kartor/regionala-indelningar/lan-och-kommuner/lan-och-kommuner-i-kodnummerordning/,current_snapshot_historical_continuity_unverified
1407,Öckerö,2120001280,,,https://api.skolverket.se/skolenhetsregistret/export/skolenhet/adressfil ; https://www.scb.se/hitta-statistik/regional-statistik-och-kartor/regionala-indelningar/lan-och-kommuner/lan-och-kommuner-i-kodnummerordning/,current_snapshot_historical_continuity_unverified
1415,Stenungsund,2120001298,,,https://api.skolverket.se/skolenhetsregistret/export/skolenhet/adressfil ; https://www.scb.se/hitta-statistik/regional-statistik-och-kartor/regionala-indelningar/lan-och-kommuner/lan-och-kommuner-i-kodnummerordning/,current_snapshot_historical_continuity_unverified
1419,Tjörn,2120001306,,,https://api.skolverket.se/skolenhetsregistret/export/skolenhet/adressfil ; https://www.scb.se/hitta-statistik/regional-statistik-och-kartor/regionala-indelningar/lan-och-kommuner/lan-och-kommuner-i-kodnummerordning/,current_snapshot_historical_continuity_unverified
1421,Orust,2120001314,,,https://api.skolverket.se/skolenhetsregistret/export/skolenhet/adressfil ; https://www.scb.se/hitta-statistik/regional-statistik-och-kartor/regionala-indelningar/lan-och-kommuner/lan-och-kommuner-i-kodnummerordning/,current_snapshot_historical_continuity_unverified
1427,Sotenäs,2120001322,,,https://api.skolverket.se/skolenhetsregistret/export/skolenhet/adressfil ; https://www.scb.se/hitta-statistik/regional-statistik-och-kartor/regionala-indelningar/lan-och-kommuner/lan-och-kommuner-i-kodnummerordning/,current_snapshot_historical_continuity_unverified
1430,Munkedal,2120001330,,,https://api.skolverket.se/skolenhetsregistret/export/skolenhet/adressfil ; https://www.scb.se/hitta-statistik/regional-statistik-och-kartor/regionala-indelningar/lan-och-kommuner/lan-och-kommuner-i-kodnummerordning/,current_snapshot_historical_continuity_unverified
1435,Tanum,2120001348,,,https://api.skolverket.se/skolenhetsregistret/export/skolenhet/adressfil ; https://www.scb.se/hitta-statistik/regional-statistik-och-kartor/regionala-indelningar/lan-och-kommuner/lan-och-kommuner-i-kodnummerordning/,current_snapshot_historical_continuity_unverified
1438,Dals-Ed,2120001413,,,https://api.skolverket.se/skolenhetsregistret/export/skolenhet/adressfil ; https://www.scb.se/hitta-statistik/regional-statistik-och-kartor/regionala-indelningar/lan-och-kommuner/lan-och-kommuner-i-kodnummerordning/,current_snapshot_historical_continuity_unverified
1439,Färgelanda,2120001421,,,https://api.skolverket.se/skolenhetsregistret/export/skolenhet/adressfil ; https://www.scb.se/hitta-statistik/regional-statistik-och-kartor/regionala-indelningar/lan-och-kommuner/lan-och-kommuner-i-kodnummerordning/,current_snapshot_historical_continuity_unverified
1440,Ale,2120001439,,,https://api.skolverket.se/skolenhetsregistret/export/skolenhet/adressfil ; https://www.scb.se/hitta-statistik/regional-statistik-och-kartor/regionala-indelningar/lan-och-kommuner/lan-och-kommuner-i-kodnummerordning/,current_snapshot_historical_continuity_unverified
1441,Lerum,2120001447,,,https://api.skolverket.se/skolenhetsregistret/export/skolenhet/adressfil ; https://www.scb.se/hitta-statistik/regional-statistik-och-kartor/regionala-indelningar/lan-och-kommuner/lan-och-kommuner-i-kodnummerordning/,current_snapshot_historical_continuity_unverified
1442,Vårgårda,2120001454,,,https://api.skolverket.se/skolenhetsregistret/export/skolenhet/adressfil ; https://www.scb.se/hitta-statistik/regional-statistik-och-kartor/regionala-indelningar/lan-och-kommuner/lan-och-kommuner-i-kodnummerordning/,current_snapshot_historical_continuity_unverified
1443,Bollebygd,2120002973,,,https://api.skolverket.se/skolenhetsregistret/export/skolenhet/adressfil ; https://www.scb.se/hitta-statistik/regional-statistik-och-kartor/regionala-indelningar/lan-och-kommuner/lan-och-kommuner-i-kodnummerordning/,current_snapshot_historical_continuity_unverified
1444,Grästorp,2120001595,,,https://api.skolverket.se/skolenhetsregistret/export/skolenhet/adressfil ; https://www.scb.se/hitta-statistik/regional-statistik-och-kartor/regionala-indelningar/lan-och-kommuner/lan-och-kommuner-i-kodnummerordning/,current_snapshot_historical_continuity_unverified
1445,Essunga,2120002916,,,https://api.skolverket.se/skolenhetsregistret/export/skolenhet/adressfil ; https://www.scb.se/hitta-statistik/regional-statistik-och-kartor/regionala-indelningar/lan-och-kommuner/lan-och-kommuner-i-kodnummerordning/,current_snapshot_historical_continuity_unverified
1446,Karlsborg,2120001629,,,https://api.skolverket.se/skolenhetsregistret/export/skolenhet/adressfil ; https://www.scb.se/hitta-statistik/regional-statistik-och-kartor/regionala-indelningar/lan-och-kommuner/lan-och-kommuner-i-kodnummerordning/,current_snapshot_historical_continuity_unverified
1447,Gullspång,2120001637,,,https://api.skolverket.se/skolenhetsregistret/export/skolenhet/adressfil ; https://www.scb.se/hitta-statistik/regional-statistik-och-kartor/regionala-indelningar/lan-och-kommuner/lan-och-kommuner-i-kodnummerordning/,current_snapshot_historical_continuity_unverified
1452,Tranemo,2120001462,,,https://api.skolverket.se/skolenhetsregistret/export/skolenhet/adressfil ; https://www.scb.se/hitta-statistik/regional-statistik-och-kartor/regionala-indelningar/lan-och-kommuner/lan-och-kommuner-i-kodnummerordning/,current_snapshot_historical_continuity_unverified
1460,Bengtsfors,2120001470,,,https://api.skolverket.se/skolenhetsregistret/export/skolenhet/adressfil ; https://www.scb.se/hitta-statistik/regional-statistik-och-kartor/regionala-indelningar/lan-och-kommuner/lan-och-kommuner-i-kodnummerordning/,current_snapshot_historical_continuity_unverified
1461,Mellerud,2120001488,,,https://api.skolverket.se/skolenhetsregistret/export/skolenhet/adressfil ; https://www.scb.se/hitta-statistik/regional-statistik-och-kartor/regionala-indelningar/lan-och-kommuner/lan-och-kommuner-i-kodnummerordning/,current_snapshot_historical_continuity_unverified
1462,Lilla Edet,2120001496,,,https://api.skolverket.se/skolenhetsregistret/export/skolenhet/adressfil ; https://www.scb.se/hitta-statistik/regional-statistik-och-kartor/regionala-indelningar/lan-och-kommuner/lan-och-kommuner-i-kodnummerordning/,current_snapshot_historical_continuity_unverified
1463,Mark,2120001504,,,https://api.skolverket.se/skolenhetsregistret/export/skolenhet/adressfil ; https://www.scb.se/hitta-statistik/regional-statistik-och-kartor/regionala-indelningar/lan-och-kommuner/lan-och-kommuner-i-kodnummerordning/,current_snapshot_historical_continuity_unverified
1465,Svenljunga,2120001512,,,https://api.skolverket.se/skolenhetsregistret/export/skolenhet/adressfil ; https://www.scb.se/hitta-statistik/regional-statistik-och-kartor/regionala-indelningar/lan-och-kommuner/lan-och-kommuner-i-kodnummerordning/,current_snapshot_historical_continuity_unverified
1466,Herrljunga,2120001520,,,https://api.skolverket.se/skolenhetsregistret/export/skolenhet/adressfil ; https://www.scb.se/hitta-statistik/regional-statistik-och-kartor/regionala-indelningar/lan-och-kommuner/lan-och-kommuner-i-kodnummerordning/,current_snapshot_historical_continuity_unverified
1470,Vara,2120002924,,,https://api.skolverket.se/skolenhetsregistret/export/skolenhet/adressfil ; https://www.scb.se/hitta-statistik/regional-statistik-och-kartor/regionala-indelningar/lan-och-kommuner/lan-och-kommuner-i-kodnummerordning/,current_snapshot_historical_continuity_unverified
1471,Götene,2120001652,,,https://api.skolverket.se/skolenhetsregistret/export/skolenhet/adressfil ; https://www.scb.se/hitta-statistik/regional-statistik-och-kartor/regionala-indelningar/lan-och-kommuner/lan-och-kommuner-i-kodnummerordning/,current_snapshot_historical_continuity_unverified
1472,Tibro,2120001660,,,https://api.skolverket.se/skolenhetsregistret/export/skolenhet/adressfil ; https://www.scb.se/hitta-statistik/regional-statistik-och-kartor/regionala-indelningar/lan-och-kommuner/lan-och-kommuner-i-kodnummerordning/,current_snapshot_historical_continuity_unverified
1473,Töreboda,2120001678,,,https://api.skolverket.se/skolenhetsregistret/export/skolenhet/adressfil ; https://www.scb.se/hitta-statistik/regional-statistik-och-kartor/regionala-indelningar/lan-och-kommuner/lan-och-kommuner-i-kodnummerordning/,current_snapshot_historical_continuity_unverified
1480,Göteborg,2120001355,,,https://api.skolverket.se/skolenhetsregistret/export/skolenhet/adressfil ; https://www.scb.se/hitta-statistik/regional-statistik-och-kartor/regionala-indelningar/lan-och-kommuner/lan-och-kommuner-i-kodnummerordning/,current_snapshot_historical_continuity_unverified
1481,Mölndal,2120001363,,,https://api.skolverket.se/skolenhetsregistret/export/skolenhet/adressfil ; https://www.scb.se/hitta-statistik/regional-statistik-och-kartor/regionala-indelningar/lan-och-kommuner/lan-och-kommuner-i-kodnummerordning/,current_snapshot_historical_continuity_unverified
1482,Kungälv,2120001371,,,https://api.skolverket.se/skolenhetsregistret/export/skolenhet/adressfil ; https://www.scb.se/hitta-statistik/regional-statistik-och-kartor/regionala-indelningar/lan-och-kommuner/lan-och-kommuner-i-kodnummerordning/,current_snapshot_historical_continuity_unverified
1484,Lysekil,2120001389,,,https://api.skolverket.se/skolenhetsregistret/export/skolenhet/adressfil ; https://www.scb.se/hitta-statistik/regional-statistik-och-kartor/regionala-indelningar/lan-och-kommuner/lan-och-kommuner-i-kodnummerordning/,current_snapshot_historical_continuity_unverified
1485,Uddevalla,2120001397,,,https://api.skolverket.se/skolenhetsregistret/export/skolenhet/adressfil ; https://www.scb.se/hitta-statistik/regional-statistik-och-kartor/regionala-indelningar/lan-och-kommuner/lan-och-kommuner-i-kodnummerordning/,current_snapshot_historical_continuity_unverified
1486,Strömstad,2120001405,,,https://api.skolverket.se/skolenhetsregistret/export/skolenhet/adressfil ; https://www.scb.se/hitta-statistik/regional-statistik-och-kartor/regionala-indelningar/lan-och-kommuner/lan-och-kommuner-i-kodnummerordning/,current_snapshot_historical_continuity_unverified
1487,Vänersborg,2120001538,,,https://api.skolverket.se/skolenhetsregistret/export/skolenhet/adressfil ; https://www.scb.se/hitta-statistik/regional-statistik-och-kartor/regionala-indelningar/lan-och-kommuner/lan-och-kommuner-i-kodnummerordning/,current_snapshot_historical_continuity_unverified
1488,Trollhättan,2120001546,,,https://api.skolverket.se/skolenhetsregistret/export/skolenhet/adressfil ; https://www.scb.se/hitta-statistik/regional-statistik-och-kartor/regionala-indelningar/lan-och-kommuner/lan-och-kommuner-i-kodnummerordning/,current_snapshot_historical_continuity_unverified
1489,Alingsås,2120001553,,,https://api.skolverket.se/skolenhetsregistret/export/skolenhet/adressfil ; https://www.scb.se/hitta-statistik/regional-statistik-och-kartor/regionala-indelningar/lan-och-kommuner/lan-och-kommuner-i-kodnummerordning/,current_snapshot_historical_continuity_unverified
1490,Borås,2120001561,,,https://api.skolverket.se/skolenhetsregistret/export/skolenhet/adressfil ; https://www.scb.se/hitta-statistik/regional-statistik-och-kartor/regionala-indelningar/lan-och-kommuner/lan-och-kommuner-i-kodnummerordning/,current_snapshot_historical_continuity_unverified
1491,Ulricehamn,2120001579,,,https://api.skolverket.se/skolenhetsregistret/export/skolenhet/adressfil ; https://www.scb.se/hitta-statistik/regional-statistik-och-kartor/regionala-indelningar/lan-och-kommuner/lan-och-kommuner-i-kodnummerordning/,current_snapshot_historical_continuity_unverified
1492,Åmål,2120001587,,,https://api.skolverket.se/skolenhetsregistret/export/skolenhet/adressfil ; https://www.scb.se/hitta-statistik/regional-statistik-och-kartor/regionala-indelningar/lan-och-kommuner/lan-och-kommuner-i-kodnummerordning/,current_snapshot_historical_continuity_unverified
1493,Mariestad,2120001686,,,https://api.skolverket.se/skolenhetsregistret/export/skolenhet/adressfil ; https://www.scb.se/hitta-statistik/regional-statistik-och-kartor/regionala-indelningar/lan-och-kommuner/lan-och-kommuner-i-kodnummerordning/,current_snapshot_historical_continuity_unverified
1494,Lidköping,2120001694,,,https://api.skolverket.se/skolenhetsregistret/export/skolenhet/adressfil ; https://www.scb.se/hitta-statistik/regional-statistik-och-kartor/regionala-indelningar/lan-och-kommuner/lan-och-kommuner-i-kodnummerordning/,current_snapshot_historical_continuity_unverified
1495,Skara,2120001702,,,https://api.skolverket.se/skolenhetsregistret/export/skolenhet/adressfil ; https://www.scb.se/hitta-statistik/regional-statistik-och-kartor/regionala-indelningar/lan-och-kommuner/lan-och-kommuner-i-kodnummerordning/,current_snapshot_historical_continuity_unverified
1496,Skövde,2120001710,,,https://api.skolverket.se/skolenhetsregistret/export/skolenhet/adressfil ; https://www.scb.se/hitta-statistik/regional-statistik-och-kartor/regionala-indelningar/lan-och-kommuner/lan-och-kommuner-i-kodnummerordning/,current_snapshot_historical_continuity_unverified
1497,Hjo,2120001728,,,https://api.skolverket.se/skolenhetsregistret/export/skolenhet/adressfil ; https://www.scb.se/hitta-statistik/regional-statistik-och-kartor/regionala-indelningar/lan-och-kommuner/lan-och-kommuner-i-kodnummerordning/,current_snapshot_historical_continuity_unverified
1498,Tidaholm,2120001736,,,https://api.skolverket.se/skolenhetsregistret/export/skolenhet/adressfil ; https://www.scb.se/hitta-statistik/regional-statistik-och-kartor/regionala-indelningar/lan-och-kommuner/lan-och-kommuner-i-kodnummerordning/,current_snapshot_historical_continuity_unverified
1499,Falköping,2120001744,,,https://api.skolverket.se/skolenhetsregistret/export/skolenhet/adressfil ; https://www.scb.se/hitta-statistik/regional-statistik-och-kartor/regionala-indelningar/lan-och-kommuner/lan-och-kommuner-i-kodnummerordning/,current_snapshot_historical_continuity_unverified
1715,Kil,2120001751,,,https://api.skolverket.se/skolenhetsregistret/export/skolenhet/adressfil ; https://www.scb.se/hitta-statistik/regional-statistik-och-kartor/regionala-indelningar/lan-och-kommuner/lan-och-kommuner-i-kodnummerordning/,current_snapshot_historical_continuity_unverified
1730,Eda,2120001769,,,https://api.skolverket.se/skolenhetsregistret/export/skolenhet/adressfil ; https://www.scb.se/hitta-statistik/regional-statistik-och-kartor/regionala-indelningar/lan-och-kommuner/lan-och-kommuner-i-kodnummerordning/,current_snapshot_historical_continuity_unverified
1737,Torsby,2120001777,,,https://api.skolverket.se/skolenhetsregistret/export/skolenhet/adressfil ; https://www.scb.se/hitta-statistik/regional-statistik-och-kartor/regionala-indelningar/lan-och-kommuner/lan-och-kommuner-i-kodnummerordning/,current_snapshot_historical_continuity_unverified
1760,Storfors,2120001785,,,https://api.skolverket.se/skolenhetsregistret/export/skolenhet/adressfil ; https://www.scb.se/hitta-statistik/regional-statistik-och-kartor/regionala-indelningar/lan-och-kommuner/lan-och-kommuner-i-kodnummerordning/,current_snapshot_historical_continuity_unverified
1761,Hammarö,2120001793,,,https://api.skolverket.se/skolenhetsregistret/export/skolenhet/adressfil ; https://www.scb.se/hitta-statistik/regional-statistik-och-kartor/regionala-indelningar/lan-och-kommuner/lan-och-kommuner-i-kodnummerordning/,current_snapshot_historical_continuity_unverified
1762,Munkfors,2120001801,,,https://api.skolverket.se/skolenhetsregistret/export/skolenhet/adressfil ; https://www.scb.se/hitta-statistik/regional-statistik-och-kartor/regionala-indelningar/lan-och-kommuner/lan-och-kommuner-i-kodnummerordning/,current_snapshot_historical_continuity_unverified
1763,Forshaga,2120001819,,,https://api.skolverket.se/skolenhetsregistret/export/skolenhet/adressfil ; https://www.scb.se/hitta-statistik/regional-statistik-och-kartor/regionala-indelningar/lan-och-kommuner/lan-och-kommuner-i-kodnummerordning/,current_snapshot_historical_continuity_unverified
1764,Grums,2120001827,,,https://api.skolverket.se/skolenhetsregistret/export/skolenhet/adressfil ; https://www.scb.se/hitta-statistik/regional-statistik-och-kartor/regionala-indelningar/lan-och-kommuner/lan-och-kommuner-i-kodnummerordning/,current_snapshot_historical_continuity_unverified
1765,Årjäng,2120001835,,,https://api.skolverket.se/skolenhetsregistret/export/skolenhet/adressfil ; https://www.scb.se/hitta-statistik/regional-statistik-och-kartor/regionala-indelningar/lan-och-kommuner/lan-och-kommuner-i-kodnummerordning/,current_snapshot_historical_continuity_unverified
1766,Sunne,2120001843,,,https://api.skolverket.se/skolenhetsregistret/export/skolenhet/adressfil ; https://www.scb.se/hitta-statistik/regional-statistik-och-kartor/regionala-indelningar/lan-och-kommuner/lan-och-kommuner-i-kodnummerordning/,current_snapshot_historical_continuity_unverified
1780,Karlstad,2120001850,,,https://api.skolverket.se/skolenhetsregistret/export/skolenhet/adressfil ; https://www.scb.se/hitta-statistik/regional-statistik-och-kartor/regionala-indelningar/lan-och-kommuner/lan-och-kommuner-i-kodnummerordning/,current_snapshot_historical_continuity_unverified
1781,Kristinehamn,2120001868,,,https://api.skolverket.se/skolenhetsregistret/export/skolenhet/adressfil ; https://www.scb.se/hitta-statistik/regional-statistik-och-kartor/regionala-indelningar/lan-och-kommuner/lan-och-kommuner-i-kodnummerordning/,current_snapshot_historical_continuity_unverified
1782,Filipstad,2120001876,,,https://api.skolverket.se/skolenhetsregistret/export/skolenhet/adressfil ; https://www.scb.se/hitta-statistik/regional-statistik-och-kartor/regionala-indelningar/lan-och-kommuner/lan-och-kommuner-i-kodnummerordning/,current_snapshot_historical_continuity_unverified
1783,Hagfors,2120001884,,,https://api.skolverket.se/skolenhetsregistret/export/skolenhet/adressfil ; https://www.scb.se/hitta-statistik/regional-statistik-och-kartor/regionala-indelningar/lan-och-kommuner/lan-och-kommuner-i-kodnummerordning/,current_snapshot_historical_continuity_unverified
1784,Arvika,2120001892,,,https://api.skolverket.se/skolenhetsregistret/export/skolenhet/adressfil ; https://www.scb.se/hitta-statistik/regional-statistik-och-kartor/regionala-indelningar/lan-och-kommuner/lan-och-kommuner-i-kodnummerordning/,current_snapshot_historical_continuity_unverified
1785,Säffle,2120001900,,,https://api.skolverket.se/skolenhetsregistret/export/skolenhet/adressfil ; https://www.scb.se/hitta-statistik/regional-statistik-och-kartor/regionala-indelningar/lan-och-kommuner/lan-och-kommuner-i-kodnummerordning/,current_snapshot_historical_continuity_unverified
1814,Lekeberg,2120002981,,,https://api.skolverket.se/skolenhetsregistret/export/skolenhet/adressfil ; https://www.scb.se/hitta-statistik/regional-statistik-och-kartor/regionala-indelningar/lan-och-kommuner/lan-och-kommuner-i-kodnummerordning/,current_snapshot_historical_continuity_unverified
1860,Laxå,2120001918,,,https://api.skolverket.se/skolenhetsregistret/export/skolenhet/adressfil ; https://www.scb.se/hitta-statistik/regional-statistik-och-kartor/regionala-indelningar/lan-och-kommuner/lan-och-kommuner-i-kodnummerordning/,current_snapshot_historical_continuity_unverified
1861,Hallsberg,2120001926,,,https://api.skolverket.se/skolenhetsregistret/export/skolenhet/adressfil ; https://www.scb.se/hitta-statistik/regional-statistik-och-kartor/regionala-indelningar/lan-och-kommuner/lan-och-kommuner-i-kodnummerordning/,current_snapshot_historical_continuity_unverified
1862,Degerfors,2120001934,,,https://api.skolverket.se/skolenhetsregistret/export/skolenhet/adressfil ; https://www.scb.se/hitta-statistik/regional-statistik-och-kartor/regionala-indelningar/lan-och-kommuner/lan-och-kommuner-i-kodnummerordning/,current_snapshot_historical_continuity_unverified
1863,Hällefors,2120001942,,,https://api.skolverket.se/skolenhetsregistret/export/skolenhet/adressfil ; https://www.scb.se/hitta-statistik/regional-statistik-och-kartor/regionala-indelningar/lan-och-kommuner/lan-och-kommuner-i-kodnummerordning/,current_snapshot_historical_continuity_unverified
1864,Ljusnarsberg,2120001959,,,https://api.skolverket.se/skolenhetsregistret/export/skolenhet/adressfil ; https://www.scb.se/hitta-statistik/regional-statistik-och-kartor/regionala-indelningar/lan-och-kommuner/lan-och-kommuner-i-kodnummerordning/,current_snapshot_historical_continuity_unverified
1880,Örebro,2120001967,,,https://api.skolverket.se/skolenhetsregistret/export/skolenhet/adressfil ; https://www.scb.se/hitta-statistik/regional-statistik-och-kartor/regionala-indelningar/lan-och-kommuner/lan-och-kommuner-i-kodnummerordning/,current_snapshot_historical_continuity_unverified
1881,Kumla,2120001975,,,https://api.skolverket.se/skolenhetsregistret/export/skolenhet/adressfil ; https://www.scb.se/hitta-statistik/regional-statistik-och-kartor/regionala-indelningar/lan-och-kommuner/lan-och-kommuner-i-kodnummerordning/,current_snapshot_historical_continuity_unverified
1882,Askersund,2120001983,,,https://api.skolverket.se/skolenhetsregistret/export/skolenhet/adressfil ; https://www.scb.se/hitta-statistik/regional-statistik-och-kartor/regionala-indelningar/lan-och-kommuner/lan-och-kommuner-i-kodnummerordning/,current_snapshot_historical_continuity_unverified
1883,Karlskoga,2120001991,,,https://api.skolverket.se/skolenhetsregistret/export/skolenhet/adressfil ; https://www.scb.se/hitta-statistik/regional-statistik-och-kartor/regionala-indelningar/lan-och-kommuner/lan-och-kommuner-i-kodnummerordning/,current_snapshot_historical_continuity_unverified
1884,Nora,2120002007,,,https://api.skolverket.se/skolenhetsregistret/export/skolenhet/adressfil ; https://www.scb.se/hitta-statistik/regional-statistik-och-kartor/regionala-indelningar/lan-och-kommuner/lan-och-kommuner-i-kodnummerordning/,current_snapshot_historical_continuity_unverified
1885,Lindesberg,2120002015,,,https://api.skolverket.se/skolenhetsregistret/export/skolenhet/adressfil ; https://www.scb.se/hitta-statistik/regional-statistik-och-kartor/regionala-indelningar/lan-och-kommuner/lan-och-kommuner-i-kodnummerordning/,current_snapshot_historical_continuity_unverified
1904,Skinnskatteberg,2120002023,,,https://api.skolverket.se/skolenhetsregistret/export/skolenhet/adressfil ; https://www.scb.se/hitta-statistik/regional-statistik-och-kartor/regionala-indelningar/lan-och-kommuner/lan-och-kommuner-i-kodnummerordning/,current_snapshot_historical_continuity_unverified
1907,Surahammar,2120002031,,,https://api.skolverket.se/skolenhetsregistret/export/skolenhet/adressfil ; https://www.scb.se/hitta-statistik/regional-statistik-och-kartor/regionala-indelningar/lan-och-kommuner/lan-och-kommuner-i-kodnummerordning/,current_snapshot_historical_continuity_unverified
1960,Kungsör,2120002056,,,https://api.skolverket.se/skolenhetsregistret/export/skolenhet/adressfil ; https://www.scb.se/hitta-statistik/regional-statistik-och-kartor/regionala-indelningar/lan-och-kommuner/lan-och-kommuner-i-kodnummerordning/,current_snapshot_historical_continuity_unverified
1961,Hallstahammar,2120002064,,,https://api.skolverket.se/skolenhetsregistret/export/skolenhet/adressfil ; https://www.scb.se/hitta-statistik/regional-statistik-och-kartor/regionala-indelningar/lan-och-kommuner/lan-och-kommuner-i-kodnummerordning/,current_snapshot_historical_continuity_unverified
1962,Norberg,2120002072,,,https://api.skolverket.se/skolenhetsregistret/export/skolenhet/adressfil ; https://www.scb.se/hitta-statistik/regional-statistik-och-kartor/regionala-indelningar/lan-och-kommuner/lan-och-kommuner-i-kodnummerordning/,current_snapshot_historical_continuity_unverified
1980,Västerås,2120002080,,,https://api.skolverket.se/skolenhetsregistret/export/skolenhet/adressfil ; https://www.scb.se/hitta-statistik/regional-statistik-och-kartor/regionala-indelningar/lan-och-kommuner/lan-och-kommuner-i-kodnummerordning/,current_snapshot_historical_continuity_unverified
1981,Sala,2120002098,,,https://api.skolverket.se/skolenhetsregistret/export/skolenhet/adressfil ; https://www.scb.se/hitta-statistik/regional-statistik-och-kartor/regionala-indelningar/lan-och-kommuner/lan-och-kommuner-i-kodnummerordning/,current_snapshot_historical_continuity_unverified
1982,Fagersta,2120002106,,,https://api.skolverket.se/skolenhetsregistret/export/skolenhet/adressfil ; https://www.scb.se/hitta-statistik/regional-statistik-och-kartor/regionala-indelningar/lan-och-kommuner/lan-och-kommuner-i-kodnummerordning/,current_snapshot_historical_continuity_unverified
1983,Köping,2120002114,,,https://api.skolverket.se/skolenhetsregistret/export/skolenhet/adressfil ; https://www.scb.se/hitta-statistik/regional-statistik-och-kartor/regionala-indelningar/lan-och-kommuner/lan-och-kommuner-i-kodnummerordning/,current_snapshot_historical_continuity_unverified
1984,Arboga,2120002122,,,https://api.skolverket.se/skolenhetsregistret/export/skolenhet/adressfil ; https://www.scb.se/hitta-statistik/regional-statistik-och-kartor/regionala-indelningar/lan-och-kommuner/lan-och-kommuner-i-kodnummerordning/,current_snapshot_historical_continuity_unverified
2021,Vansbro,2120002130,,,https://api.skolverket.se/skolenhetsregistret/export/skolenhet/adressfil ; https://www.scb.se/hitta-statistik/regional-statistik-och-kartor/regionala-indelningar/lan-och-kommuner/lan-och-kommuner-i-kodnummerordning/,current_snapshot_historical_continuity_unverified
2023,Malung-Sälen,2120002148,,,https://api.skolverket.se/skolenhetsregistret/export/skolenhet/adressfil ; https://www.scb.se/hitta-statistik/regional-statistik-och-kartor/regionala-indelningar/lan-och-kommuner/lan-och-kommuner-i-kodnummerordning/,current_snapshot_historical_continuity_unverified
2026,Gagnef,2120002155,,,https://api.skolverket.se/skolenhetsregistret/export/skolenhet/adressfil ; https://www.scb.se/hitta-statistik/regional-statistik-och-kartor/regionala-indelningar/lan-och-kommuner/lan-och-kommuner-i-kodnummerordning/,current_snapshot_historical_continuity_unverified
2029,Leksand,2120002163,,,https://api.skolverket.se/skolenhetsregistret/export/skolenhet/adressfil ; https://www.scb.se/hitta-statistik/regional-statistik-och-kartor/regionala-indelningar/lan-och-kommuner/lan-och-kommuner-i-kodnummerordning/,current_snapshot_historical_continuity_unverified
2031,Rättvik,2120002171,,,https://api.skolverket.se/skolenhetsregistret/export/skolenhet/adressfil ; https://www.scb.se/hitta-statistik/regional-statistik-och-kartor/regionala-indelningar/lan-och-kommuner/lan-och-kommuner-i-kodnummerordning/,current_snapshot_historical_continuity_unverified
2034,Orsa,2120002189,,,https://api.skolverket.se/skolenhetsregistret/export/skolenhet/adressfil ; https://www.scb.se/hitta-statistik/regional-statistik-och-kartor/regionala-indelningar/lan-och-kommuner/lan-och-kommuner-i-kodnummerordning/,current_snapshot_historical_continuity_unverified
2039,Älvdalen,2120002197,,,https://api.skolverket.se/skolenhetsregistret/export/skolenhet/adressfil ; https://www.scb.se/hitta-statistik/regional-statistik-och-kartor/regionala-indelningar/lan-och-kommuner/lan-och-kommuner-i-kodnummerordning/,current_snapshot_historical_continuity_unverified
2061,Smedjebacken,2120002205,,,https://api.skolverket.se/skolenhetsregistret/export/skolenhet/adressfil ; https://www.scb.se/hitta-statistik/regional-statistik-och-kartor/regionala-indelningar/lan-och-kommuner/lan-och-kommuner-i-kodnummerordning/,current_snapshot_historical_continuity_unverified
2062,Mora,2120002213,,,https://api.skolverket.se/skolenhetsregistret/export/skolenhet/adressfil ; https://www.scb.se/hitta-statistik/regional-statistik-och-kartor/regionala-indelningar/lan-och-kommuner/lan-och-kommuner-i-kodnummerordning/,current_snapshot_historical_continuity_unverified
2080,Falun,2120002221,,,https://api.skolverket.se/skolenhetsregistret/export/skolenhet/adressfil ; https://www.scb.se/hitta-statistik/regional-statistik-och-kartor/regionala-indelningar/lan-och-kommuner/lan-och-kommuner-i-kodnummerordning/,current_snapshot_historical_continuity_unverified
2081,Borlänge,2120002239,,,https://api.skolverket.se/skolenhetsregistret/export/skolenhet/adressfil ; https://www.scb.se/hitta-statistik/regional-statistik-och-kartor/regionala-indelningar/lan-och-kommuner/lan-och-kommuner-i-kodnummerordning/,current_snapshot_historical_continuity_unverified
2082,Säter,2120002247,,,https://api.skolverket.se/skolenhetsregistret/export/skolenhet/adressfil ; https://www.scb.se/hitta-statistik/regional-statistik-och-kartor/regionala-indelningar/lan-och-kommuner/lan-och-kommuner-i-kodnummerordning/,current_snapshot_historical_continuity_unverified
2083,Hedemora,2120002254,,,https://api.skolverket.se/skolenhetsregistret/export/skolenhet/adressfil ; https://www.scb.se/hitta-statistik/regional-statistik-och-kartor/regionala-indelningar/lan-och-kommuner/lan-och-kommuner-i-kodnummerordning/,current_snapshot_historical_continuity_unverified
2084,Avesta,2120002262,,,https://api.skolverket.se/skolenhetsregistret/export/skolenhet/adressfil ; https://www.scb.se/hitta-statistik/regional-statistik-och-kartor/regionala-indelningar/lan-och-kommuner/lan-och-kommuner-i-kodnummerordning/,current_snapshot_historical_continuity_unverified
2085,Ludvika,2120002270,,,https://api.skolverket.se/skolenhetsregistret/export/skolenhet/adressfil ; https://www.scb.se/hitta-statistik/regional-statistik-och-kartor/regionala-indelningar/lan-och-kommuner/lan-och-kommuner-i-kodnummerordning/,current_snapshot_historical_continuity_unverified
2101,Ockelbo,2120002288,,,https://api.skolverket.se/skolenhetsregistret/export/skolenhet/adressfil ; https://www.scb.se/hitta-statistik/regional-statistik-och-kartor/regionala-indelningar/lan-och-kommuner/lan-och-kommuner-i-kodnummerordning/,current_snapshot_historical_continuity_unverified
2104,Hofors,2120002296,,,https://api.skolverket.se/skolenhetsregistret/export/skolenhet/adressfil ; https://www.scb.se/hitta-statistik/regional-statistik-och-kartor/regionala-indelningar/lan-och-kommuner/lan-och-kommuner-i-kodnummerordning/,current_snapshot_historical_continuity_unverified
2121,Ovanåker,2120002304,,,https://api.skolverket.se/skolenhetsregistret/export/skolenhet/adressfil ; https://www.scb.se/hitta-statistik/regional-statistik-och-kartor/regionala-indelningar/lan-och-kommuner/lan-och-kommuner-i-kodnummerordning/,current_snapshot_historical_continuity_unverified
2132,Nordanstig,2120002312,,,https://api.skolverket.se/skolenhetsregistret/export/skolenhet/adressfil ; https://www.scb.se/hitta-statistik/regional-statistik-och-kartor/regionala-indelningar/lan-och-kommuner/lan-och-kommuner-i-kodnummerordning/,current_snapshot_historical_continuity_unverified
2161,Ljusdal,2120002320,,,https://api.skolverket.se/skolenhetsregistret/export/skolenhet/adressfil ; https://www.scb.se/hitta-statistik/regional-statistik-och-kartor/regionala-indelningar/lan-och-kommuner/lan-och-kommuner-i-kodnummerordning/,current_snapshot_historical_continuity_unverified
2180,Gävle,2120002338,,,https://api.skolverket.se/skolenhetsregistret/export/skolenhet/adressfil ; https://www.scb.se/hitta-statistik/regional-statistik-och-kartor/regionala-indelningar/lan-och-kommuner/lan-och-kommuner-i-kodnummerordning/,current_snapshot_historical_continuity_unverified
2181,Sandviken,2120002346,,,https://api.skolverket.se/skolenhetsregistret/export/skolenhet/adressfil ; https://www.scb.se/hitta-statistik/regional-statistik-och-kartor/regionala-indelningar/lan-och-kommuner/lan-och-kommuner-i-kodnummerordning/,current_snapshot_historical_continuity_unverified
2182,Söderhamn,2120002353,,,https://api.skolverket.se/skolenhetsregistret/export/skolenhet/adressfil ; https://www.scb.se/hitta-statistik/regional-statistik-och-kartor/regionala-indelningar/lan-och-kommuner/lan-och-kommuner-i-kodnummerordning/,current_snapshot_historical_continuity_unverified
2183,Bollnäs,2120002361,,,https://api.skolverket.se/skolenhetsregistret/export/skolenhet/adressfil ; https://www.scb.se/hitta-statistik/regional-statistik-och-kartor/regionala-indelningar/lan-och-kommuner/lan-och-kommuner-i-kodnummerordning/,current_snapshot_historical_continuity_unverified
2184,Hudiksvall,2120002379,,,https://api.skolverket.se/skolenhetsregistret/export/skolenhet/adressfil ; https://www.scb.se/hitta-statistik/regional-statistik-och-kartor/regionala-indelningar/lan-och-kommuner/lan-och-kommuner-i-kodnummerordning/,current_snapshot_historical_continuity_unverified
2260,Ånge,2120002387,,,https://api.skolverket.se/skolenhetsregistret/export/skolenhet/adressfil ; https://www.scb.se/hitta-statistik/regional-statistik-och-kartor/regionala-indelningar/lan-och-kommuner/lan-och-kommuner-i-kodnummerordning/,current_snapshot_historical_continuity_unverified
2262,Timrå,2120002395,,,https://api.skolverket.se/skolenhetsregistret/export/skolenhet/adressfil ; https://www.scb.se/hitta-statistik/regional-statistik-och-kartor/regionala-indelningar/lan-och-kommuner/lan-och-kommuner-i-kodnummerordning/,current_snapshot_historical_continuity_unverified
2280,Härnösand,2120002403,,,https://api.skolverket.se/skolenhetsregistret/export/skolenhet/adressfil ; https://www.scb.se/hitta-statistik/regional-statistik-och-kartor/regionala-indelningar/lan-och-kommuner/lan-och-kommuner-i-kodnummerordning/,current_snapshot_historical_continuity_unverified
2281,Sundsvall,2120002411,,,https://api.skolverket.se/skolenhetsregistret/export/skolenhet/adressfil ; https://www.scb.se/hitta-statistik/regional-statistik-och-kartor/regionala-indelningar/lan-och-kommuner/lan-och-kommuner-i-kodnummerordning/,current_snapshot_historical_continuity_unverified
2282,Kramfors,2120002429,,,https://api.skolverket.se/skolenhetsregistret/export/skolenhet/adressfil ; https://www.scb.se/hitta-statistik/regional-statistik-och-kartor/regionala-indelningar/lan-och-kommuner/lan-och-kommuner-i-kodnummerordning/,current_snapshot_historical_continuity_unverified
2283,Sollefteå,2120002437,,,https://api.skolverket.se/skolenhetsregistret/export/skolenhet/adressfil ; https://www.scb.se/hitta-statistik/regional-statistik-och-kartor/regionala-indelningar/lan-och-kommuner/lan-och-kommuner-i-kodnummerordning/,current_snapshot_historical_continuity_unverified
2284,Örnsköldsvik,2120002445,,,https://api.skolverket.se/skolenhetsregistret/export/skolenhet/adressfil ; https://www.scb.se/hitta-statistik/regional-statistik-och-kartor/regionala-indelningar/lan-och-kommuner/lan-och-kommuner-i-kodnummerordning/,current_snapshot_historical_continuity_unverified
2303,Ragunda,2120002452,,,https://api.skolverket.se/skolenhetsregistret/export/skolenhet/adressfil ; https://www.scb.se/hitta-statistik/regional-statistik-och-kartor/regionala-indelningar/lan-och-kommuner/lan-och-kommuner-i-kodnummerordning/,current_snapshot_historical_continuity_unverified
2305,Bräcke,2120002460,,,https://api.skolverket.se/skolenhetsregistret/export/skolenhet/adressfil ; https://www.scb.se/hitta-statistik/regional-statistik-och-kartor/regionala-indelningar/lan-och-kommuner/lan-och-kommuner-i-kodnummerordning/,current_snapshot_historical_continuity_unverified
2309,Krokom,2120002478,,,https://api.skolverket.se/skolenhetsregistret/export/skolenhet/adressfil ; https://www.scb.se/hitta-statistik/regional-statistik-och-kartor/regionala-indelningar/lan-och-kommuner/lan-och-kommuner-i-kodnummerordning/,current_snapshot_historical_continuity_unverified
2313,Strömsund,2120002486,,,https://api.skolverket.se/skolenhetsregistret/export/skolenhet/adressfil ; https://www.scb.se/hitta-statistik/regional-statistik-och-kartor/regionala-indelningar/lan-och-kommuner/lan-och-kommuner-i-kodnummerordning/,current_snapshot_historical_continuity_unverified
2321,Åre,2120002494,,,https://api.skolverket.se/skolenhetsregistret/export/skolenhet/adressfil ; https://www.scb.se/hitta-statistik/regional-statistik-och-kartor/regionala-indelningar/lan-och-kommuner/lan-och-kommuner-i-kodnummerordning/,current_snapshot_historical_continuity_unverified
2326,Berg,2120002502,,,https://api.skolverket.se/skolenhetsregistret/export/skolenhet/adressfil ; https://www.scb.se/hitta-statistik/regional-statistik-och-kartor/regionala-indelningar/lan-och-kommuner/lan-och-kommuner-i-kodnummerordning/,current_snapshot_historical_continuity_unverified
2361,Härjedalen,2120002510,,,https://api.skolverket.se/skolenhetsregistret/export/skolenhet/adressfil ; https://www.scb.se/hitta-statistik/regional-statistik-och-kartor/regionala-indelningar/lan-och-kommuner/lan-och-kommuner-i-kodnummerordning/,current_snapshot_historical_continuity_unverified
2380,Östersund,2120002528,,,https://api.skolverket.se/skolenhetsregistret/export/skolenhet/adressfil ; https://www.scb.se/hitta-statistik/regional-statistik-och-kartor/regionala-indelningar/lan-och-kommuner/lan-och-kommuner-i-kodnummerordning/,current_snapshot_historical_continuity_unverified
2401,Nordmaling,2120002536,,,https://api.skolverket.se/skolenhetsregistret/export/skolenhet/adressfil ; https://www.scb.se/hitta-statistik/regional-statistik-och-kartor/regionala-indelningar/lan-och-kommuner/lan-och-kommuner-i-kodnummerordning/,current_snapshot_historical_continuity_unverified
2403,Bjurholm,2120002833,,,https://api.skolverket.se/skolenhetsregistret/export/skolenhet/adressfil ; https://www.scb.se/hitta-statistik/regional-statistik-och-kartor/regionala-indelningar/lan-och-kommuner/lan-och-kommuner-i-kodnummerordning/,current_snapshot_historical_continuity_unverified
2404,Vindeln,2120002544,,,https://api.skolverket.se/skolenhetsregistret/export/skolenhet/adressfil ; https://www.scb.se/hitta-statistik/regional-statistik-och-kartor/regionala-indelningar/lan-och-kommuner/lan-och-kommuner-i-kodnummerordning/,current_snapshot_historical_continuity_unverified
2409,Robertsfors,2120002551,,,https://api.skolverket.se/skolenhetsregistret/export/skolenhet/adressfil ; https://www.scb.se/hitta-statistik/regional-statistik-och-kartor/regionala-indelningar/lan-och-kommuner/lan-och-kommuner-i-kodnummerordning/,current_snapshot_historical_continuity_unverified
2417,Norsjö,2120002858,,,https://api.skolverket.se/skolenhetsregistret/export/skolenhet/adressfil ; https://www.scb.se/hitta-statistik/regional-statistik-och-kartor/regionala-indelningar/lan-och-kommuner/lan-och-kommuner-i-kodnummerordning/,current_snapshot_historical_continuity_unverified
2418,Malå,2120002866,,,https://api.skolverket.se/skolenhetsregistret/export/skolenhet/adressfil ; https://www.scb.se/hitta-statistik/regional-statistik-och-kartor/regionala-indelningar/lan-och-kommuner/lan-och-kommuner-i-kodnummerordning/,current_snapshot_historical_continuity_unverified
2421,Storuman,2120002577,,,https://api.skolverket.se/skolenhetsregistret/export/skolenhet/adressfil ; https://www.scb.se/hitta-statistik/regional-statistik-och-kartor/regionala-indelningar/lan-och-kommuner/lan-och-kommuner-i-kodnummerordning/,current_snapshot_historical_continuity_unverified
2422,Sorsele,2120002585,,,https://api.skolverket.se/skolenhetsregistret/export/skolenhet/adressfil ; https://www.scb.se/hitta-statistik/regional-statistik-och-kartor/regionala-indelningar/lan-och-kommuner/lan-och-kommuner-i-kodnummerordning/,current_snapshot_historical_continuity_unverified
2425,Dorotea,2120002809,,,https://api.skolverket.se/skolenhetsregistret/export/skolenhet/adressfil ; https://www.scb.se/hitta-statistik/regional-statistik-och-kartor/regionala-indelningar/lan-och-kommuner/lan-och-kommuner-i-kodnummerordning/,current_snapshot_historical_continuity_unverified
2460,Vännäs,2120002841,,,https://api.skolverket.se/skolenhetsregistret/export/skolenhet/adressfil ; https://www.scb.se/hitta-statistik/regional-statistik-och-kartor/regionala-indelningar/lan-och-kommuner/lan-och-kommuner-i-kodnummerordning/,current_snapshot_historical_continuity_unverified
2462,Vilhelmina,2120002601,,,https://api.skolverket.se/skolenhetsregistret/export/skolenhet/adressfil ; https://www.scb.se/hitta-statistik/regional-statistik-och-kartor/regionala-indelningar/lan-och-kommuner/lan-och-kommuner-i-kodnummerordning/,current_snapshot_historical_continuity_unverified
2463,Åsele,2120002791,,,https://api.skolverket.se/skolenhetsregistret/export/skolenhet/adressfil ; https://www.scb.se/hitta-statistik/regional-statistik-och-kartor/regionala-indelningar/lan-och-kommuner/lan-och-kommuner-i-kodnummerordning/,current_snapshot_historical_continuity_unverified
2480,Umeå,2120002627,,,https://api.skolverket.se/skolenhetsregistret/export/skolenhet/adressfil ; https://www.scb.se/hitta-statistik/regional-statistik-och-kartor/regionala-indelningar/lan-och-kommuner/lan-och-kommuner-i-kodnummerordning/,current_snapshot_historical_continuity_unverified
2481,Lycksele,2120002635,,,https://api.skolverket.se/skolenhetsregistret/export/skolenhet/adressfil ; https://www.scb.se/hitta-statistik/regional-statistik-och-kartor/regionala-indelningar/lan-och-kommuner/lan-och-kommuner-i-kodnummerordning/,current_snapshot_historical_continuity_unverified
2482,Skellefteå,2120002643,,,https://api.skolverket.se/skolenhetsregistret/export/skolenhet/adressfil ; https://www.scb.se/hitta-statistik/regional-statistik-och-kartor/regionala-indelningar/lan-och-kommuner/lan-och-kommuner-i-kodnummerordning/,current_snapshot_historical_continuity_unverified
2505,Arvidsjaur,2120002650,,,https://api.skolverket.se/skolenhetsregistret/export/skolenhet/adressfil ; https://www.scb.se/hitta-statistik/regional-statistik-och-kartor/regionala-indelningar/lan-och-kommuner/lan-och-kommuner-i-kodnummerordning/,current_snapshot_historical_continuity_unverified
2506,Arjeplog,2120002668,,,https://api.skolverket.se/skolenhetsregistret/export/skolenhet/adressfil ; https://www.scb.se/hitta-statistik/regional-statistik-och-kartor/regionala-indelningar/lan-och-kommuner/lan-och-kommuner-i-kodnummerordning/,current_snapshot_historical_continuity_unverified
2510,Jokkmokk,2120002676,,,https://api.skolverket.se/skolenhetsregistret/export/skolenhet/adressfil ; https://www.scb.se/hitta-statistik/regional-statistik-och-kartor/regionala-indelningar/lan-och-kommuner/lan-och-kommuner-i-kodnummerordning/,current_snapshot_historical_continuity_unverified
2513,Överkalix,2120002684,,,https://api.skolverket.se/skolenhetsregistret/export/skolenhet/adressfil ; https://www.scb.se/hitta-statistik/regional-statistik-och-kartor/regionala-indelningar/lan-och-kommuner/lan-och-kommuner-i-kodnummerordning/,current_snapshot_historical_continuity_unverified
2514,Kalix,2120002692,,,https://api.skolverket.se/skolenhetsregistret/export/skolenhet/adressfil ; https://www.scb.se/hitta-statistik/regional-statistik-och-kartor/regionala-indelningar/lan-och-kommuner/lan-och-kommuner-i-kodnummerordning/,current_snapshot_historical_continuity_unverified
2518,Övertorneå,2120002700,,,https://api.skolverket.se/skolenhetsregistret/export/skolenhet/adressfil ; https://www.scb.se/hitta-statistik/regional-statistik-och-kartor/regionala-indelningar/lan-och-kommuner/lan-och-kommuner-i-kodnummerordning/,current_snapshot_historical_continuity_unverified
2521,Pajala,2120002718,,,https://api.skolverket.se/skolenhetsregistret/export/skolenhet/adressfil ; https://www.scb.se/hitta-statistik/regional-statistik-och-kartor/regionala-indelningar/lan-och-kommuner/lan-och-kommuner-i-kodnummerordning/,current_snapshot_historical_continuity_unverified
2523,Gällivare,2120002726,,,https://api.skolverket.se/skolenhetsregistret/export/skolenhet/adressfil ; https://www.scb.se/hitta-statistik/regional-statistik-och-kartor/regionala-indelningar/lan-och-kommuner/lan-och-kommuner-i-kodnummerordning/,current_snapshot_historical_continuity_unverified
2560,Älvsbyn,2120002734,,,https://api.skolverket.se/skolenhetsregistret/export/skolenhet/adressfil ; https://www.scb.se/hitta-statistik/regional-statistik-och-kartor/regionala-indelningar/lan-och-kommuner/lan-och-kommuner-i-kodnummerordning/,current_snapshot_historical_continuity_unverified
2580,Luleå,2120002742,,,https://api.skolverket.se/skolenhetsregistret/export/skolenhet/adressfil ; https://www.scb.se/hitta-statistik/regional-statistik-och-kartor/regionala-indelningar/lan-och-kommuner/lan-och-kommuner-i-kodnummerordning/,current_snapshot_historical_continuity_unverified
2581,Piteå,2120002759,,,https://api.skolverket.se/skolenhetsregistret/export/skolenhet/adressfil ; https://www.scb.se/hitta-statistik/regional-statistik-och-kartor/regionala-indelningar/lan-och-kommuner/lan-och-kommuner-i-kodnummerordning/,current_snapshot_historical_continuity_unverified
2582,Boden,2120002767,,,https://api.skolverket.se/skolenhetsregistret/export/skolenhet/adressfil ; https://www.scb.se/hitta-statistik/regional-statistik-och-kartor/regionala-indelningar/lan-och-kommuner/lan-och-kommuner-i-kodnummerordning/,current_snapshot_historical_continuity_unverified
2583,Haparanda,2120002775,,,https://api.skolverket.se/skolenhetsregistret/export/skolenhet/adressfil ; https://www.scb.se/hitta-statistik/regional-statistik-och-kartor/regionala-indelningar/lan-och-kommuner/lan-och-kommuner-i-kodnummerordning/,current_snapshot_historical_continuity_unverified
2584,Kiruna,2120002783,,,https://api.skolverket.se/skolenhetsregistret/export/skolenhet/adressfil ; https://www.scb.se/hitta-statistik/regional-statistik-och-kartor/regionala-indelningar/lan-och-kommuner/lan-och-kommuner-i-kodnummerordning/,current_snapshot_historical_continuity_unverified
