employer_name,municipality_id,valid_from,valid_to,validated,source
UPPLANDS VÄSBY KOMMUN,0114,,,true,https://api.skolverket.se/skolenhetsregistret/export/skolenhet/adressfil
VALLENTUNA KOMMUN,0115,,,true,https://api.skolverket.se/skolenhetsregistret/export/skolenhet/adressfil
ÖSTERÅKERS KOMMUN,0117,,,true,https://api.skolverket.se/skolenhetsregistret/export/skolenhet/adressfil
VÄRMDÖ KOMMUN,0120,,,true,https://api.skolverket.se/skolenhetsregistret/export/skolenhet/adressfil
JÄRFÄLLA KOMMUN,0123,,,true,https://api.skolverket.se/skolenhetsregistret/export/skolenhet/adressfil
EKERÖ KOMMUN,0125,,,true,https://api.skolverket.se/skolenhetsregistret/export/skolenhet/adressfil
HUDDINGE KOMMUN,0126,,,true,https://api.skolverket.se/skolenhetsregistret/export/skolenhet/adressfil
BOTKYRKA KOMMUN,0127,,,true,https://api.skolverket.se/skolenhetsregistret/export/skolenhet/adressfil
SALEMS KOMMUN,0128,,,true,https://api.skolverket.se/skolenhetsregistret/export/skolenhet/adressfil
HANINGE KOMMUN,0136,,,true,https://api.skolverket.se/skolenhetsregistret/export/skolenhet/adressfil
TYRESÖ KOMMUN,0138,,,true,https://api.skolverket.se/skolenhetsregistret/export/skolenhet/adressfil
UPPLANDS-BRO KOMMUN,0139,,,true,https://api.skolverket.se/skolenhetsregistret/export/skolenhet/adressfil
NYKVARNS KOMMUN,0140,,,true,https://api.skolverket.se/skolenhetsregistret/export/skolenhet/adressfil
TÄBY KOMMUN,0160,,,true,https://api.skolverket.se/skolenhetsregistret/export/skolenhet/adressfil
DANDERYDS KOMMUN,0162,,,true,https://api.skolverket.se/skolenhetsregistret/export/skolenhet/adressfil
SOLLENTUNA KOMMUN,0163,,,true,https://api.skolverket.se/skolenhetsregistret/export/skolenhet/adressfil
STOCKHOLMS KOMMUN,0180,,,true,https://api.skolverket.se/skolenhetsregistret/export/skolenhet/adressfil
SÖDERTÄLJE KOMMUN,0181,,,true,https://api.skolverket.se/skolenhetsregistret/export/skolenhet/adressfil
NACKA KOMMUN,0182,,,true,https://api.skolverket.se/skolenhetsregistret/export/skolenhet/adressfil
SUNDBYBERGS KOMMUN,0183,,,true,https://api.skolverket.se/skolenhetsregistret/export/skolenhet/adressfil
SOLNA KOMMUN,0184,,,true,https://api.skolverket.se/skolenhetsregistret/export/skolenhet/adressfil
LIDINGÖ KOMMUN,0186,,,true,https://api.skolverket.se/skolenhetsregistret/export/skolenhet/adressfil
VAXHOLMS KOMMUN,0187,,,true,https://api.skolverket.se/skolenhetsregistret/export/skolenhet/adressfil
NORRTÄLJE KOMMUN,0188,,,true,https://api.skolverket.se/skolenhetsregistret/export/skolenhet/adressfil
SIGTUNA KOMMUN,0191,,,true,https://api.skolverket.se/skolenhetsregistret/export/skolenhet/adressfil
NYNÄSHAMNS KOMMUN,0192,,,true,https://api.skolverket.se/skolenhetsregistret/export/skolenhet/adressfil
HÅBO KOMMUN,0305,,,true,https://api.skolverket.se/skolenhetsregistret/export/skolenhet/adressfil
ÄLVKARLEBY KOMMUN,0319,,,true,https://api.skolverket.se/skolenhetsregistret/export/skolenhet/adressfil
KNIVSTA KOMMUN,0330,,,true,https://api.skolverket.se/skolenhetsregistret/export/skolenhet/adressfil
HEBY KOMMUN,0331,,,true,https://api.skolverket.se/skolenhetsregistret/export/skolenhet/adressfil
TIERPS KOMMUN,0360,,,true,https://api.skolverket.se/skolenhetsregistret/export/skolenhet/adressfil
UPPSALA KOMMUN,0380,,,true,https://api.skolverket.se/skolenhetsregistret/export/skolenhet/adressfil
ENKÖPINGS KOMMUN,0381,,,true,https://api.skolverket.se/skolenhetsregistret/export/skolenhet/adressfil
ÖSTHAMMARS KOMMUN,0382,,,true,https://api.skolverket.se/skolenhetsregistret/export/skolenhet/adressfil
VINGÅKERS KOMMUN,0428,,,true,https://api.skolverket.se/skolenhetsregistret/export/skolenhet/adressfil
GNESTA KOMMUN,0461,,,true,https://api.skolverket.se/skolenhetsregistret/export/skolenhet/adressfil
NYKÖPINGS KOMMUN,0480,,,true,https://api.skolverket.se/skolenhetsregistret/export/skolenhet/adressfil
OXELÖSUNDS KOMMUN,0481,,,true,https://api.skolverket.se/skolenhetsregistret/export/skolenhet/adressfil
FLENS KOMMUN,0482,,,true,https://api.skolverket.se/skolenhetsregistret/export/skolenhet/adressfil
KATRINEHOLMS KOMMUN,0483,,,true,https://api.skolverket.se/skolenhetsregistret/export/skolenhet/adressfil
ESKILSTUNA KOMMUN,0484,,,true,https://api.skolverket.se/skolenhetsregistret/export/skolenhet/adressfil
STRÄNGNÄS KOMMUN,0486,,,true,https://api.skolverket.se/skolenhetsregistret/export/skolenhet/adressfil
TROSA KOMMUN,0488,,,true,https://api.skolverket.se/skolenhetsregistret/export/skolenhet/adressfil
ÖDESHÖGS KOMMUN,0509,,,true,https://api.skolverket.se/skolenhetsregistret/export/skolenhet/adressfil
YDRE KOMMUN,0512,,,true,https://api.skolverket.se/skolenhetsregistret/export/skolenhet/adressfil
KINDA KOMMUN,0513,,,true,https://api.skolverket.se/skolenhetsregistret/export/skolenhet/adressfil
BOXHOLMS KOMMUN,0560,,,true,https://api.skolverket.se/skolenhetsregistret/export/skolenhet/adressfil
ÅTVIDABERGS KOMMUN,0561,,,true,https://api.skolverket.se/skolenhetsregistret/export/skolenhet/adressfil
FINSPÅNGS KOMMUN,0562,,,true,https://api.skolverket.se/skolenhetsregistret/export/skolenhet/adressfil
VALDEMARSVIKS KOMMUN,0563,,,true,https://api.skolverket.se/skolenhetsregistret/export/skolenhet/adressfil
LINKÖPINGS KOMMUN,0580,,,true,https://api.skolverket.se/skolenhetsregistret/export/skolenhet/adressfil
NORRKÖPINGS KOMMUN,0581,,,true,https://api.skolverket.se/skolenhetsregistret/export/skolenhet/adressfil
SÖDERKÖPINGS KOMMUN,0582,,,true,https://api.skolverket.se/skolenhetsregistret/export/skolenhet/adressfil
MOTALA KOMMUN,0583,,,true,https://api.skolverket.se/skolenhetsregistret/export/skolenhet/adressfil
VADSTENA KOMMUN,0584,,,true,https://api.skolverket.se/skolenhetsregistret/export/skolenhet/adressfil
MJÖLBY KOMMUN,0586,,,true,https://api.skolverket.se/skolenhetsregistret/export/skolenhet/adressfil
ANEBY KOMMUN,0604,,,true,https://api.skolverket.se/skolenhetsregistret/export/skolenhet/adressfil
GNOSJÖ KOMMUN,0617,,,true,https://api.skolverket.se/skolenhetsregistret/export/skolenhet/adressfil
MULLSJÖ KOMMUN,0642,,,true,https://api.skolverket.se/skolenhetsregistret/export/skolenhet/adressfil
HABO KOMMUN,0643,,,true,https://api.skolverket.se/skolenhetsregistret/export/skolenhet/adressfil
GISLAVEDS KOMMUN,0662,,,true,https://api.skolverket.se/skolenhetsregistret/export/skolenhet/adressfil
VAGGERYDS KOMMUN,0665,,,true,https://api.skolverket.se/skolenhetsregistret/export/skolenhet/adressfil
JÖNKÖPINGS KOMMUN,0680,,,true,https://api.skolverket.se/skolenhetsregistret/export/skolenhet/adressfil
NÄSSJÖ KOMMUN,0682,,,true,https://api.skolverket.se/skolenhetsregistret/export/skolenhet/adressfil
VÄRNAMO KOMMUN,0683,,,true,https://api.skolverket.se/skolenhetsregistret/export/skolenhet/adressfil
SÄVSJÖ KOMMUN,0684,,,true,https://api.skolverket.se/skolenhetsregistret/export/skolenhet/adressfil
VETLANDA KOMMUN,0685,,,true,https://api.skolverket.se/skolenhetsregistret/export/skolenhet/adressfil
EKSJÖ KOMMUN,0686,,,true,https://api.skolverket.se/skolenhetsregistret/export/skolenhet/adressfil
TRANÅS KOMMUN,0687,,,true,https://api.skolverket.se/skolenhetsregistret/export/skolenhet/adressfil
UPPVIDINGE KOMMUN,0760,,,true,https://api.skolverket.se/skolenhetsregistret/export/skolenhet/adressfil
LESSEBO KOMMUN,0761,,,true,https://api.skolverket.se/skolenhetsregistret/export/skolenhet/adressfil
TINGSRYDS KOMMUN,0763,,,true,https://api.skolverket.se/skolenhetsregistret/export/skolenhet/adressfil
ALVESTA KOMMUN,0764,,,true,https://api.skolverket.se/skolenhetsregistret/export/skolenhet/adressfil
ÄLMHULTS KOMMUN,0765,,,true,https://api.skolverket.se/skolenhetsregistret/export/skolenhet/adressfil
MARKARYDS KOMMUN,0767,,,true,https://api.skolverket.se/skolenhetsregistret/export/skolenhet/adressfil
VÄXJÖ KOMMUN,0780,,,true,https://api.skolverket.se/skolenhetsregistret/export/skolenhet/adressfil
LJUNGBY KOMMUN,0781,,,true,https://api.skolverket.se/skolenhetsregistret/export/skolenhet/adressfil
HÖGSBY KOMMUN,0821,,,true,https://api.skolverket.se/skolenhetsregistret/export/skolenhet/adressfil
TORSÅS KOMMUN,0834,,,true,https://api.skolverket.se/skolenhetsregistret/export/skolenhet/adressfil
MÖRBYLÅNGA KOMMUN,0840,,,true,https://api.skolverket.se/skolenhetsregistret/export/skolenhet/adressfil
HULTSFREDS KOMMUN,0860,,,true,https://api.skolverket.se/skolenhetsregistret/export/skolenhet/adressfil
MÖNSTERÅS KOMMUN,0861,,,true,https://api.skolverket.se/skolenhetsregistret/export/skolenhet/adressfil
EMMABODA KOMMUN,0862,,,true,https://api.skolverket.se/skolenhetsregistret/export/skolenhet/adressfil
KALMAR KOMMUN,0880,,,true,https://api.skolverket.se/skolenhetsregistret/export/skolenhet/adressfil
NYBRO KOMMUN,0881,,,true,https://api.skolverket.se/skolenhetsregistret/export/skolenhet/adressfil
OSKARSHAMNS KOMMUN,0882,,,true,https://api.skolverket.se/skolenhetsregistret/export/skolenhet/adressfil
VÄSTERVIKS KOMMUN,0883,,,true,https://api.skolverket.se/skolenhetsregistret/export/skolenhet/adressfil
VIMMERBY KOMMUN,0884,,,true,https://api.skolverket.se/skolenhetsregistret/export/skolenhet/adressfil
BORGHOLMS KOMMUN,0885,,,true,https://api.skolverket.se/skolenhetsregistret/export/skolenhet/adressfil
REGION GOTLAND,0980,,,true,https://api.skolverket.se/skolenhetsregistret/export/skolenhet/adressfil
OLOFSTRÖMS KOMMUN,1060,,,true,https://api.skolverket.se/skolenhetsregistret/export/skolenhet/adressfil
KARLSKRONA KOMMUN,1080,,,true,https://api.skolverket.se/skolenhetsregistret/export/skolenhet/adressfil
RONNEBY KOMMUN,1081,,,true,https://api.skolverket.se/skolenhetsregistret/export/skolenhet/adressfil
KARLSHAMNS KOMMUN,1082,,,true,https://api.skolverket.se/skolenhetsregistret/export/skolenhet/adressfil
SÖLVESBORGS KOMMUN,1083,,,true,https://api.skolverket.se/skolenhetsregistret/export/skolenhet/adressfil
SVALÖVS KOMMUN,1214,,,true,https://api.skolverket.se/skolenhetsregistret/export/skolenhet/adressfil
STAFFANSTORPS KOMMUN,1230,,,true,https://api.skolverket.se/skolenhetsregistret/export/skolenhet/adressfil
BURLÖVS KOMMUN,1231,,,true,https://api.skolverket.se/skolenhetsregistret/export/skolenhet/adressfil
VELLINGE KOMMUN,1233,,,true,https://api.skolverket.se/skolenhetsregistret/export/skolenhet/adressfil
ÖSTRA GÖINGE KOMMUN,1256,,,true,https://api.skolverket.se/skolenhetsregistret/export/skolenhet/adressfil
ÖRKELLJUNGA KOMMUN,1257,,,true,https://api.skolverket.se/skolenhetsregistret/export/skolenhet/adressfil
BJUVS KOMMUN,1260,,,true,https://api.skolverket.se/skolenhetsregistret/export/skolenhet/adressfil
KÄVLINGE KOMMUN,1261,,,true,https://api.skolverket.se/skolenhetsregistret/export/skolenhet/adressfil
LOMMA KOMMUN,1262,,,true,https://api.skolverket.se/skolenhetsregistret/export/skolenhet/adressfil
SVEDALA KOMMUN,1263,,,true,https://api.skolverket.se/skolenhetsregistret/export/skolenhet/adressfil
SKURUPS KOMMUN,1264,,,true,https://api.skolverket.se/skolenhetsregistret/export/skolenhet/adressfil
SJÖBO KOMMUN,1265,,,true,https://api.skolverket.se/skolenhetsregistret/export/skolenhet/adressfil
HÖRBY KOMMUN,1266,,,true,https://api.skolverket.se/skolenhetsregistret/export/skolenhet/adressfil
HÖÖRS KOMMUN,1267,,,true,https://api.skolverket.se/skolenhetsregistret/export/skolenhet/adressfil
TOMELILLA KOMMUN,1270,,,true,https://api.skolverket.se/skolenhetsregistret/export/skolenhet/adressfil
BROMÖLLA KOMMUN,1272,,,true,https://api.skolverket.se/skolenhetsregistret/export/skolenhet/adressfil
OSBY KOMMUN,1273,,,true,https://api.skolverket.se/skolenhetsregistret/export/skolenhet/adressfil
PERSTORPS KOMMUN,1275,,,true,https://api.skolverket.se/skolenhetsregistret/export/skolenhet/adressfil
KLIPPANS KOMMUN,1276,,,true,https://api.skolverket.se/skolenhetsregistret/export/skolenhet/adressfil
ÅSTORPS KOMMUN,1277,,,true,https://api.skolverket.se/skolenhetsregistret/export/skolenhet/adressfil
BÅSTADS KOMMUN,1278,,,true,https://api.skolverket.se/skolenhetsregistret/export/skolenhet/adressfil
MALMÖ KOMMUN,1280,,,true,https://api.skolverket.se/skolenhetsregistret/export/skolenhet/adressfil
LUNDS KOMMUN,1281,,,true,https://api.skolverket.se/skolenhetsregistret/export/skolenhet/adressfil
LANDSKRONA KOMMUN,1282,,,true,https://api.skolverket.se/skolenhetsregistret/export/skolenhet/adressfil
HELSINGBORGS KOMMUN,1283,,,true,https://api.skolverket.se/skolenhetsregistret/export/skolenhet/adressfil
HÖGANÄS KOMMUN,1284,,,true,https://api.skolverket.se/skolenhetsregistret/export/skolenhet/adressfil
ESLÖVS KOMMUN,1285,,,true,https://api.skolverket.se/skolenhetsregistret/export/skolenhet/adressfil
YSTAD KOMMUN,1286,,,true,https://api.skolverket.se/skolenhetsregistret/export/skolenhet/adressfil
TRELLEBORGS KOMMUN,1287,,,true,https://api.skolverket.se/skolenhetsregistret/export/skolenhet/adressfil
KRISTIANSTADS KOMMUN,1290,,,true,https://api.skolverket.se/skolenhetsregistret/export/skolenhet/adressfil
SIMRISHAMNS KOMMUN,1291,,,true,https://api.skolverket.se/skolenhetsregistret/export/skolenhet/adressfil
ÄNGELHOLMS KOMMUN,1292,,,true,https://api.skolverket.se/skolenhetsregistret/export/skolenhet/adressfil
HÄSSLEHOLMS KOMMUN,1293,,,true,https://api.skolverket.se/skolenhetsregistret/export/skolenhet/adressfil
HYLTE KOMMUN,1315,,,true,https://api.skolverket.se/skolenhetsregistret/export/skolenhet/adressfil
HALMSTADS KOMMUN,1380,,,true,https://api.skolverket.se/skolenhetsregistret/export/skolenhet/adressfil
LAHOLMS KOMMUN,1381,,,true,https://api.skolverket.se/skolenhetsregistret/export/skolenhet/adressfil
FALKENBERGS KOMMUN,1382,,,true,https://api.skolverket.se/skolenhetsregistret/export/skolenhet/adressfil
VARBERGS KOMMUN,1383,,,true,https://api.skolverket.se/skolenhetsregistret/export/skolenhet/adressfil
KUNGSBACKA KOMMUN,1384,,,true,https://api.skolverket.se/skolenhetsregistret/export/skolenhet/adressfil
HÄRRYDA KOMMUN,1401,,,true,https://api.skolverket.se/skolenhetsregistret/export/skolenhet/adressfil
PARTILLE KOMMUN,1402,,,true,https://api.skolverket.se/skolenhetsregistret/export/skolenhet/adressfil
ÖCKERÖ KOMMUN,1407,,,true,https://api.skolverket.se/skolenhetsregistret/export/skolenhet/adressfil
STENUNGSUNDS KOMMUN,1415,,,true,https://api.skolverket.se/skolenhetsregistret/export/skolenhet/adressfil
TJÖRNS KOMMUN,1419,,,true,https://api.skolverket.se/skolenhetsregistret/export/skolenhet/adressfil
ORUST KOMMUN,1421,,,true,https://api.skolverket.se/skolenhetsregistret/export/skolenhet/adressfil
SOTENÄS KOMMUN,1427,,,true,https://api.skolverket.se/skolenhetsregistret/export/skolenhet/adressfil
MUNKEDALS KOMMUN,1430,,,true,https://api.skolverket.se/skolenhetsregistret/export/skolenhet/adressfil
TANUMS KOMMUN,1435,,,true,https://api.skolverket.se/skolenhetsregistret/export/skolenhet/adressfil
DALS-EDS KOMMUN,1438,,,true,https://api.skolverket.se/skolenhetsregistret/export/skolenhet/adressfil
FÄRGELANDA KOMMUN,1439,,,true,https://api.skolverket.se/skolenhetsregistret/export/skolenhet/adressfil
ALE KOMMUN,1440,,,true,https://api.skolverket.se/skolenhetsregistret/export/skolenhet/adressfil
LERUMS KOMMUN,1441,,,true,https://api.skolverket.se/skolenhetsregistret/export/skolenhet/adressfil
VÅRGÅRDA KOMMUN,1442,,,true,https://api.skolverket.se/skolenhetsregistret/export/skolenhet/adressfil
BOLLEBYGDS KOMMUN,1443,,,true,https://api.skolverket.se/skolenhetsregistret/export/skolenhet/adressfil
GRÄSTORPS KOMMUN,1444,,,true,https://api.skolverket.se/skolenhetsregistret/export/skolenhet/adressfil
ESSUNGA KOMMUN,1445,,,true,https://api.skolverket.se/skolenhetsregistret/export/skolenhet/adressfil
KARLSBORGS KOMMUN,1446,,,true,https://api.skolverket.se/skolenhetsregistret/export/skolenhet/adressfil
GULLSPÅNGS KOMMUN,1447,,,true,https://api.skolverket.se/skolenhetsregistret/export/skolenhet/adressfil
TRANEMO KOMMUN,1452,,,true,https://api.skolverket.se/skolenhetsregistret/export/skolenhet/adressfil
BENGTSFORS KOMMUN,1460,,,true,https://api.skolverket.se/skolenhetsregistret/export/skolenhet/adressfil
MELLERUDS KOMMUN,1461,,,true,https://api.skolverket.se/skolenhetsregistret/export/skolenhet/adressfil
LILLA EDETS KOMMUN,1462,,,true,https://api.skolverket.se/skolenhetsregistret/export/skolenhet/adressfil
MARKS KOMMUN,1463,,,true,https://api.skolverket.se/skolenhetsregistret/export/skolenhet/adressfil
SVENLJUNGA KOMMUN,1465,,,true,https://api.skolverket.se/skolenhetsregistret/export/skolenhet/adressfil
HERRLJUNGA KOMMUN,1466,,,true,https://api.skolverket.se/skolenhetsregistret/export/skolenhet/adressfil
VARA KOMMUN,1470,,,true,https://api.skolverket.se/skolenhetsregistret/export/skolenhet/adressfil
GÖTENE KOMMUN,1471,,,true,https://api.skolverket.se/skolenhetsregistret/export/skolenhet/adressfil
TIBRO KOMMUN,1472,,,true,https://api.skolverket.se/skolenhetsregistret/export/skolenhet/adressfil
TÖREBODA KOMMUN,1473,,,true,https://api.skolverket.se/skolenhetsregistret/export/skolenhet/adressfil
GÖTEBORGS KOMMUN,1480,,,true,https://api.skolverket.se/skolenhetsregistret/export/skolenhet/adressfil
MÖLNDALS KOMMUN,1481,,,true,https://api.skolverket.se/skolenhetsregistret/export/skolenhet/adressfil
KUNGÄLVS KOMMUN,1482,,,true,https://api.skolverket.se/skolenhetsregistret/export/skolenhet/adressfil
LYSEKILS KOMMUN,1484,,,true,https://api.skolverket.se/skolenhetsregistret/export/skolenhet/adressfil
UDDEVALLA KOMMUN,1485,,,true,https://api.skolverket.se/skolenhetsregistret/export/skolenhet/adressfil
STRÖMSTADS KOMMUN,1486,,,true,https://api.skolverket.se/skolenhetsregistret/export/skolenhet/adressfil
VÄNERSBORGS KOMMUN,1487,,,true,https://api.skolverket.se/skolenhetsregistret/export/skolenhet/adressfil
TROLLHÄTTANS KOMMUN,1488,,,true,https://api.skolverket.se/skolenhetsregistret/export/skolenhet/adressfil
ALINGSÅS KOMMUN,1489,,,true,https://api.skolverket.se/skolenhetsregistret/export/skolenhet/adressfil
BORÅS KOMMUN,1490,,,true,https://api.skolverket.se/skolenhetsregistret/export/skolenhet/adressfil
ULRICEHAMNS KOMMUN,1491,,,true,https://api.skolverket.se/skolenhetsregistret/export/skolenhet/adressfil
ÅMÅLS KOMMUN,1492,,,true,https://api.skolverket.se/skolenhetsregistret/export/skolenhet/adressfil
MARIESTADS KOMMUN,1493,,,true,https://api.skolverket.se/skolenhetsregistret/export/skolenhet/adressfil
LIDKÖPINGS KOMMUN,1494,,,true,https://api.skolverket.se/skolenhetsregistret/export/skolenhet/adressfil
SKARA KOMMUN,1495,,,true,https://api.skolverket.se/skolenhetsregistret/export/skolenhet/adressfil
SKÖVDE KOMMUN,1496,,,true,https://api.skolverket.se/skolenhetsregistret/export/skolenhet/adressfil
HJO KOMMUN,1497,,,true,https://api.skolverket.se/skolenhetsregistret/export/skolenhet/adressfil
TIDAHOLMS KOMMUN,1498,,,true,https://api.skolverket.se/skolenhetsregistret/export/skolenhet/adressfil
FALKÖPINGS KOMMUN,1499,,,true,https://api.skolverket.se/skolenhetsregistret/export/skolenhet/adressfil
KILS KOMMUN,1715,,,true,https://api.skolverket.se/skolenhetsregistret/export/skolenhet/adressfil
EDA KOMMUN,1730,,,true,https://api.skolverket.se/skolenhetsregistret/export/skolenhet/adressfil
TORSBY KOMMUN,1737,,,true,https://api.skolverket.se/skolenhetsregistret/export/skolenhet/adressfil
STORFORS KOMMUN,1760,,,true,https://api.skolverket.se/skolenhetsregistret/export/skolenhet/adressfil
HAMMARÖ KOMMUN,1761,,,true,https://api.skolverket.se/skolenhetsregistret/export/skolenhet/adressfil
MUNKFORS KOMMUN,1762,,,true,https://api.skolverket.se/skolenhetsregistret/export/skolenhet/adressfil
FORSHAGA KOMMUN,1763,,,true,https://api.skolverket.se/skolenhetsregistret/export/skolenhet/adressfil
GRUMS KOMMUN,1764,,,true,https://api.skolverket.se/skolenhetsregistret/export/skolenhet/adressfil
ÅRJÄNGS KOMMUN,1765,,,true,https://api.skolverket.se/skolenhetsregistret/export/skolenhet/adressfil
SUNNE KOMMUN,1766,,,true,https://api.skolverket.se/skolenhetsregistret/export/skolenhet/adressfil
KARLSTADS KOMMUN,1780,,,true,https://api.skolverket.se/skolenhetsregistret/export/skolenhet/adressfil
KRISTINEHAMNS KOMMUN,1781,,,true,https://api.skolverket.se/skolenhetsregistret/export/skolenhet/adressfil
FILIPSTADS KOMMUN,1782,,,true,https://api.skolverket.se/skolenhetsregistret/export/skolenhet/adressfil
HAGFORS KOMMUN,1783,,,true,https://api.skolverket.se/skolenhetsregistret/export/skolenhet/adressfil
ARVIKA KOMMUN,1784,,,true,https://api.skolverket.se/skolenhetsregistret/export/skolenhet/adressfil
SÄFFLE KOMMUN,1785,,,true,https://api.skolverket.se/skolenhetsregistret/export/skolenhet/adressfil
LEKEBERGS KOMMUN,1814,,,true,https://api.skolverket.se/skolenhetsregistret/export/skolenhet/adressfil
LAXÅ KOMMUN,1860,,,true,https://api.skolverket.se/skolenhetsregistret/export/skolenhet/adressfil
HALLSBERGS KOMMUN,1861,,,true,https://api.skolverket.se/skolenhetsregistret/export/skolenhet/adressfil
DEGERFORS KOMMUN,1862,,,true,https://api.skolverket.se/skolenhetsregistret/export/skolenhet/adressfil
HÄLLEFORS KOMMUN,1863,,,true,https://api.skolverket.se/skolenhetsregistret/export/skolenhet/adressfil
LJUSNARSBERGS KOMMUN,1864,,,true,https://api.skolverket.se/skolenhetsregistret/export/skolenhet/adressfil
ÖREBRO KOMMUN,1880,,,true,https://api.skolverket.se/skolenhetsregistret/export/skolenhet/adressfil
KUMLA KOMMUN,1881,,,true,https://api.skolverket.se/skolenhetsregistret/export/skolenhet/adressfil
ASKERSUNDS KOMMUN,1882,,,true,https://api.skolverket.se/skolenhetsregistret/export/skolenhet/adressfil
KARLSKOGA KOMMUN,1883,,,true,https://api.skolverket.se/skolenhetsregistret/export/skolenhet/adressfil
NORA KOMMUN,1884,,,true,https://api.skolverket.se/skolenhetsregistret/export/skolenhet/adressfil
LINDESBERGS KOMMUN,1885,,,true,https://api.skolverket.se/skolenhetsregistret/export/skolenhet/adressfil
SKINNSKATTEBERGS KOMMUN,1904,,,true,https://api.skolverket.se/skolenhetsregistret/export/skolenhet/adressfil
SURAHAMMARS KOMMUN,1907,,,true,https://api.skolverket.se/skolenhetsregistret/export/skolenhet/adressfil
KUNGSÖRS KOMMUN,1960,,,true,https://api.skolverket.se/skolenhetsregistret/export/skolenhet/adressfil
HALLSTAHAMMARS KOMMUN,1961,,,true,https://api.skolverket.se/skolenhetsregistret/export/skolenhet/adressfil
NORBERGS KOMMUN,1962,,,true,https://api.skolverket.se/skolenhetsregistret/export/skolenhet/adressfil
VÄSTERÅS KOMMUN,1980,,,true,https://api.skolverket.se/skolenhetsregistret/export/skolenhet/adressfil
SALA KOMMUN,1981,,,true,https://api.skolverket.se/skolenhetsregistret/export/skolenhet/adressfil
FAGERSTA KOMMUN,1982,,,true,https://api.skolverket.se/skolenhetsregistret/export/skolenhet/adressfil
KÖPINGS KOMMUN,1983,,,true,https://api.skolverket.se/skolenhetsregistret/export/skolenhet/adressfil
ARBOGA KOMMUN,1984,,,true,https://api.skolverket.se/skolenhetsregistret/export/skolenhet/adressfil
VANSBRO KOMMUN,2021,,,true,https://api.skolverket.se/skolenhetsregistret/export/skolenhet/adressfil
MALUNG-SÄLENS KOMMUN,2023,,,true,https://api.skolverket.se/skolenhetsregistret/export/skolenhet/adressfil
GAGNEFS KOMMUN,2026,,,true,https://api.skolverket.se/skolenhetsregistret/export/skolenhet/adressfil
LEKSANDS KOMMUN,2029,,,true,https://api.skolverket.se/skolenhetsregistret/export/skolenhet/adressfil
RÄTTVIKS KOMMUN,2031,,,true,https://api.skolverket.se/skolenhetsregistret/export/skolenhet/adressfil
ORSA KOMMUN,2034,,,true,https://api.skolverket.se/skolenhetsregistret/export/skolenhet/adressfil
ÄLVDALENS KOMMUN,2039,,,true,https://api.skolverket.se/skolenhetsregistret/export/skolenhet/adressfil
SMEDJEBACKENS KOMMUN,2061,,,true,https://api.skolverket.se/skolenhetsregistret/export/skolenhet/adressfil
MORA KOMMUN,2062,,,true,https://api.skolverket.se/skolenhetsregistret/export/skolenhet/adressfil
FALU KOMMUN,2080,,,true,https://api.skolverket.se/skolenhetsregistret/export/skolenhet/adressfil
BORLÄNGE KOMMUN,2081,,,true,https://api.skolverket.se/skolenhetsregistret/export/skolenhet/adressfil
SÄTERS KOMMUN,2082,,,true,https://api.skolverket.se/skolenhetsregistret/export/skolenhet/adressfil
HEDEMORA KOMMUN,2083,,,true,https://api.skolverket.se/skolenhetsregistret/export/skolenhet/adressfil
AVESTA KOMMUN,2084,,,true,https://api.skolverket.se/skolenhetsregistret/export/skolenhet/adressfil
LUDVIKA KOMMUN,2085,,,true,https://api.skolverket.se/skolenhetsregistret/export/skolenhet/adressfil
OCKELBO KOMMUN,2101,,,true,https://api.skolverket.se/skolenhetsregistret/export/skolenhet/adressfil
HOFORS KOMMUN,2104,,,true,https://api.skolverket.se/skolenhetsregistret/export/skolenhet/adressfil
OVANÅKERS KOMMUN,2121,,,true,https://api.skolverket.se/skolenhetsregistret/export/skolenhet/adressfil
NORDANSTIGS KOMMUN,2132,,,true,https://api.skolverket.se/skolenhetsregistret/export/skolenhet/adressfil
LJUSDALS KOMMUN,2161,,,true,https://api.skolverket.se/skolenhetsregistret/export/skolenhet/adressfil
GÄVLE KOMMUN,2180,,,true,https://api.skolverket.se/skolenhetsregistret/export/skolenhet/adressfil
SANDVIKENS KOMMUN,2181,,,true,https://api.skolverket.se/skolenhetsregistret/export/skolenhet/adressfil
SÖDERHAMNS KOMMUN,2182,,,true,https://api.skolverket.se/skolenhetsregistret/export/skolenhet/adressfil
BOLLNÄS KOMMUN,2183,,,true,https://api.skolverket.se/skolenhetsregistret/export/skolenhet/adressfil
HUDIKSVALLS KOMMUN,2184,,,true,https://api.skolverket.se/skolenhetsregistret/export/skolenhet/adressfil
ÅNGE KOMMUN,2260,,,true,https://api.skolverket.se/skolenhetsregistret/export/skolenhet/adressfil
TIMRÅ KOMMUN,2262,,,true,https://api.skolverket.se/skolenhetsregistret/export/skolenhet/adressfil
HÄRNÖSANDS KOMMUN,2280,,,true,https://api.skolverket.se/skolenhetsregistret/export/skolenhet/adressfil
SUNDSVALLS KOMMUN,2281,,,true,https://api.skolverket.se/skolenhetsregistret/export/skolenhet/adressfil
KRAMFORS KOMMUN,2282,,,true,https://api.skolverket.se/skolenhetsregistret/export/skolenhet/adressfil
SOLLEFTEÅ KOMMUN,2283,,,true,https://api.skolverket.se/skolenhetsregistret/export/skolenhet/adressfil
ÖRNSKÖLDSVIKS KOMMUN,2284,,,true,https://api.skolverket.se/skolenhetsregistret/export/skolenhet/adressfil
RAGUNDA KOMMUN,2303,,,true,https://api.skolverket.se/skolenhetsregistret/export/skolenhet/adressfil
BRÄCKE KOMMUN,2305,,,true,https://api.skolverket.se/skolenhetsregistret/export/skolenhet/adressfil
KROKOMS KOMMUN,2309,,,true,https://api.skolverket.se/skolenhetsregistret/export/skolenhet/adressfil
STRÖMSUNDS KOMMUN,2313,,,true,https://api.skolverket.se/skolenhetsregistret/export/skolenhet/adressfil
ÅRE KOMMUN,2321,,,true,https://api.skolverket.se/skolenhetsregistret/export/skolenhet/adressfil
BERGS KOMMUN,2326,,,true,https://api.skolverket.se/skolenhetsregistret/export/skolenhet/adressfil
HÄRJEDALENS KOMMUN,2361,,,true,https://api.skolverket.se/skolenhetsregistret/export/skolenhet/adressfil
ÖSTERSUNDS KOMMUN,2380,,,true,https://api.skolverket.se/skolenhetsregistret/export/skolenhet/adressfil
NORDMALINGS KOMMUN,2401,,,true,https://api.skolverket.se/skolenhetsregistret/export/skolenhet/adressfil
BJURHOLMS KOMMUN,2403,,,true,https://api.skolverket.se/skolenhetsregistret/export/skolenhet/adressfil
VINDELNS KOMMUN,2404,,,true,https://api.skolverket.se/skolenhetsregistret/export/skolenhet/adressfil
ROBERTSFORS KOMMUN,2409,,,true,https://api.skolverket.se/skolenhetsregistret/export/skolenhet/adressfil
NORSJÖ KOMMUN,2417,,,true,https://api.skolverket.se/skolenhetsregistret/export/skolenhet/adressfil
MALÅ KOMMUN,2418,,,true,https://api.skolverket.se/skolenhetsregistret/export/skolenhet/adressfil
STORUMANS KOMMUN,2421,,,true,https://api.skolverket.se/skolenhetsregistret/export/skolenhet/adressfil
SORSELE KOMMUN,2422,,,true,https://api.skolverket.se/skolenhetsregistret/export/skolenhet/adressfil
DOROTEA KOMMUN,2425,,,true,https://api.skolverket.se/skolenhetsregistret/export/skolenhet/adressfil
VÄNNÄS KOMMUN,2460,,,true,https://api.skolverket.se/skolenhetsregistret/export/skolenhet/adressfil
VILHELMINA KOMMUN,2462,,,true,https://api.skolverket.se/skolenhetsregistret/export/skolenhet/adressfil
ÅSELE KOMMUN,2463,,,true,https://api.skolverket.se/skolenhetsregistret/export/skolenhet/adressfil
UMEÅ KOMMUN,2480,,,true,https://api.skolverket.se/skolenhetsregistret/export/skolenhet/adressfil
LYCKSELE KOMMUN,2481,,,true,https://api.skolverket.se/skolenhetsregistret/export/skolenhet/adressfil
SKELLEFTEÅ KOMMUN,2482,,,true,https://api.skolverket.se/skolenhetsregistret/export/skolenhet/adressfil
ARVIDSJAURS KOMMUN,2505,,,true,https://api.skolverket.se/skolenhetsregistret/export/skolenhet/adressfil
ARJEPLOGS KOMMUN,2506,,,true,https://api.skolverket.se/skolenhetsregistret/export/skolenhet/adressfil
JOKKMOKKS KOMMUN,2510,,,true,https://api.skolverket.se/skolenhetsregistret/export/skolenhet/adressfil
ÖVERKALIX KOMMUN,2513,,,true,https://api.skolverket.se/skolenhetsregistret/export/skolenhet/adressfil
KALIX KOMMUN,2514,,,true,https://api.skolverket.se/skolenhetsregistret/export/skolenhet/adressfil
ÖVERTORNEÅ KOMMUN,2518,,,true,https://api.skolverket.se/skolenhetsregistret/export/skolenhet/adressfil
PAJALA KOMMUN,2521,,,true,https://api.skolverket.se/skolenhetsregistret/export/skolenhet/adressfil
GÄLLIVARE KOMMUN,2523,,,true,https://api.skolverket.se/skolenhetsregistret/export/skolenhet/adressfil
ÄLVSBYNS KOMMUN,2560,,,true,https://api.skolverket.se/skolenhetsregistret/export/skolenhet/adressfil
LULEÅ KOMMUN,2580,,,true,https://api.skolverket.se/skolenhetsregistret/export/skolenhet/adressfil
PITEÅ KOMMUN,2581,,,true,https://api.skolverket.se/skolenhetsregistret/export/skolenhet/adressfil
BODENS KOMMUN,2582,,,true,https://api.skolverket.se/skolenhetsregistret/export/skolenhet/adressfil
HAPARANDA KOMMUN,2583,,,true,https://api.skolverket.se/skolenhetsregistret/export/skolenhet/adressfil
KIRUNA KOMMUN,2584,,,true,https://api.skolverket.se/skolenhetsregistret/export/skolenhet/adressfil
